,ACT_PUBTIME,PUBLISH_DATE,END_DATE_REP,END_DATE,REPORT_TYPE,FISCAL_PERIOD,MERGED_FLAG,ACCOUTING_STANDARDS,CURRENCY_CD,CASH_C_EQUIV,SETT_PROV,LOAN_TO_OTH_BANK_FI,TRADING_FA,NOTES_RECEIV,AR,PREPAYMENT,PREMIUM_RECEIV,REINSUR_RECEIV,REINSUR_RESER_RECEIV,INT_RECEIV,DIV_RECEIV,OTH_RECEIV,PUR_RESALE_FA,INVENTORIES,NCA_WITHIN_1Y,OTH_CA,T_CA,DISBUR_LA,AVAIL_FOR_SALE_FA,HTM_INVEST,LT_RECEIV,LT_EQUITY_INVEST,INVEST_REAL_ESTATE,FIXED_ASSETS,CIP,CONST_MATERIALS,FIXED_ASSETS_DISP,PRODUC_BIOL_ASSETS,OIL_AND_GAS_ASSETS,INTAN_ASSETS,R_D,GOODWILL,LT_AMOR_EXP,DEFER_TAX_ASSETS,OTH_NCA,T_NCA,T_ASSETS,ST_BORR,CB_BORR,DEPOS,LOAN_FR_OTH_BANK_FI,TRADING_FL,NOTES_PAYABLE,AP,ADVANCE_RECEIPTS,SOLD_FOR_REPUR_FA,COMMIS_PAYABLE,PAYROLL_PAYABLE,TAXES_PAYABLE,INT_PAYABLE,DIV_PAYABLE,OTH_PAYABLE,REINSUR_PAYABLE,INSUR_RESER,FUNDS_SEC_TRAD_AGEN,FUNDS_SEC_UNDW_AGEN,NCL_WITHIN_1Y,ACCRUED_EXP,OTH_CL,T_CL,LT_BORR,BOND_PAYABLE,LT_PAYABLE,SPECIFIC_PAYABLES,ESTIMATED_LIAB,DEFER_REVENUE,DEFER_TAX_LIAB,OTH_NCL,T_NCL,T_LIAB,PAID_IN_CAPITAL,CAPITAL_RESER,TREASURY_SHARE,SPECIAL_RESER,SURPLUS_RESER,ORDIN_RISK_RESER,RETAINED_EARNINGS,FOREX_DIFFER,T_EQUITY_ATTR_P,MINORITY_INT,T_SH_EQUITY,T_LIAB_EQUITY,OTH_COMPRE_INCOME,OTH_EQUITY_INSTR,PREFERRED_STOCK_E,PERPETUAL_BOND_E,PREFERRED_STOCK_L,PERPETUAL_BOND_L,C_PAID_OTH_FINAN_A,N_INCR_BORR_FR_CB,NET_INCR_DEPOS_IN_FI,N_CF_FR_INVEST_A,C_FR_BORR,N_INC_DISBUR_OF_LA,N_CF_OPERATE_A,N_CAP_INCR_REPUR,C_FR_CAP_CONTR,C_PAID_INVEST,C_FR_OTH_FINAN_A,N_INCR_PLEDGE_LOAN,C_PAID_POL_DIV,C_PAID_OTH_INVEST_A,C_INF_FR_INVEST_A,C_PAID_G_S,C_PAID_FOR_OTH_OP_A,PROC_SELL_INVEST,C_FR_SALE_G_S,REFUND_OF_TAX,C_INF_FR_OPERATE_A,N_INC_BORR_OTH_FI,GAIN_INVEST,N_C_PAID_ACQUIS,N_CHANGE_IN_CASH,C_FR_MINO_S_SUBS,FOREX_EFFECTS,C_PAID_FOR_TAXES,C_PAID_IFC,N_REINSUR_PREM,C_PAID_DIV_PROF_INT,C_FR_OTH_INVEST_A,N_INC_FR_BORR,C_OUTF_OPERATE_A,C_FR_OTH_OPERATE_A,C_OUTF_FR_INVEST_A,N_DEPOS_INCR_C_FI,C_FR_ISSUE_BOND,N_INC_PH_DEPOS_INV,ORIG_CONTR_C_INDEM,C_PAID_FOR_DEBTS,DISP_FIX_ASSETS_OTH,N_CF_FR_FINAN_A,N_CE_BEG_BAL,N_CE_END_BAL,DIV_PROF_SUBS_MINO_S,PUR_FIX_ASSETS_OTH,C_INF_FR_FINAN_A,IFC_CASH_INCR,C_PAID_TO_FOR_EMPL,C_OUTF_FR_FINAN_A,N_INC_DISP_TRAD_FA,N_DISP_SUBS_OTH_BIZ_C,PREM_FR_ORIG_CONTR,ADMIN_EXP,DILUTED_EPS,A_J_INVEST_INCOME,REVENUE,N_COMPENS_PAYOUT,QUIT_CONCERN_NI,T_REVENUE,T_PROFIT,NCA_DISPLOSS,BASIC_EPS,OPERATE_PROFIT,ASSETS_IMPAIR_LOSS,COMPR_INC_ATTR_P,OTH_COMPR_INCOME,POLICY_DIV_PAYT,T_COMPR_INCOME,INT_INCOME,N_INCOME_ATTR_P,PREM_REFUND,OTH_GAIN,PREM_EARNED,INVEST_INCOME,ASSETS_DISP_GAIN,COMMIS_EXP,FINAN_EXP,F_VALUE_CHG_GAIN,INT_EXP,SELL_EXP,COGS,N_INCOME,REINSUR_EXP,BIZ_TAX_SURCHG,NOPERATE_EXP,RESER_INSUR_CONTR,GOING_CONCERN_NI,COMPR_INC_ATTR_M_S,FOREX_GAIN,INCOME_TAX,NOPERATE_INCOME,MINORITY_GAIN,COMMIS_INCOME,T_COGS,EBIT,FCFF,EBIAT,INT_FREE_CL,INT_FREE_NCL,WORK_CAPITAL,N_WORK_CAPITAL,OPA_PROFIT,INT_CL,NI_ATTR_P_CUT,EBITDA,N_TAN_ASSETS,N_DEBT,T_RE,DA,VAL_CHG_PROFIT,INT_DEBT,N_INT_EXP,IC,FCFE,T_FIXED_ASSETS,NR_PROFIT_LOSS,GROSS_PROFIT,P_FIXA_O_DA,N_CF_OPA_R,N_CF_IA_PROPT,CFSGS_R,N_CF_OPA_OPAP,N_CF_OPA_TR,N_CF_OPA_OP,N_CF_FA_PROPT,C_RCVRY_A,AR_R,ADV_R_R,N_CF_OPA_PROPT,REVENUE_YOY,NA_PS_YTD,TA_YTD,NI_ATTR_P_YOY,DILUTED_EPS_YOY,T_PROFIT_YOY,NI_YOY,T_REVENUE_YOY,BASIC_EPS_YOY,N_CF_OPA_YOY,NI_ATTR_P_CUT_YOY,ROE_YOY,TE_ATTR_P_YTD,OPER_PROFIT_YOY,NA_YTD,N_CF_OPA_PS_YOY,EBITDA_ID,CASH_CL,TIMES_INTE_CF,ASSET_LIAB_RATIO,N_CF_OPA_LIAB,N_CF_NFA_CL,TEAP_TL,EBITDA_TL,TIMES_INTE_EBITDA,SQUICK_RATIO,EQUITY_RATIO,N_CF_OPA_ND,N_CF_NFA_LIAB,TL_TEAP,N_TAN_A_ID,CASH_ICL,N_CF_OPA_ID,QUICK_RATIO,NCL_WC,TIMES_INTE_EBIT,OP_TL,N_CF_OPA_CL,N_TAN_A_ND,CURRENT_RATIO,N_TAN_A_TL,N_CF_OPA_NCL,TEAP_ID,OP_CL,EPS,FCFE_PS,T_RE_PS,N_CF_OPER_A_PS,RESER_PS,EBIT_PS,N_ASSET_PS,RE_PS,OP_PS,REV_PS,N_C_IN_CASH_PS,S_RESER_PS,T_REV_PS,FCFF_PS,C_RESER_PS,ROA,NP_MARGIN,ROE_CUT_W,ROE_W,ROA_EBIT,ROE_CUT,ROE,GROSS_MARGIN,ROIC,ROE_A,TSE_TA,C_TA,BP_TA,TEAP_IC,LT_AMOR_EXP_TA,NCA_TA,ST_BORR_TA,NCL_TA,EQU_MULTIPLIER,CAP_FIX_RATIO,N_TAN_A_TA,LT_BORR_TA,REPAY_TA,ID_IC,AP_TA,INVEN_TA,CL_TA,ADV_R_TA,AR_TA,TEAP_TA,T_FIXED_A_TA,FIXED_A_TA,TRE_TA,CA_TA,INTAN_A_TA,AIL_TR,VAL_CHG_P_TR,COGS_TR,SELL_EXP_TR,PERIOD_EXP_TR,INV_INC_TR,IT_TP,OPA_P_TP,OP_TR,FINAN_EXP_TR,VAL_CHG_P_TP,NI_CUT_NI,OPA_P_TR,N_NOPI_TP,R_TR,NOPG_TR,NI_TR,TCOGS_TR,FV_CHG_G_TR,TP_TR,NOPL_TR,ADMIN_EXP_TR,EBITDA_TR,BTAX_SURCHG_TR,IT_TR,EBIT_TR,OP_TP,DAYS_AR,AP_TURNOVER,CA_TURNOVER,OPER_CYCLE,INVEN_TURNOVER,FA_TURNOVER,TFA_TURNOVER,DAYS_AP,DAYS_INVEN,TA_TURNOVER,AR_TURNOVER,FLAG
135402,5,5,4,3,A,12,1,CHAS_2007,CNY,172699922.3,,,,4794397.57,24055430.2,10543766.18,,,,464074.77,,6025520.19,,12217324.81,,155509966.1,386310402.1,,,,,,,440323738.6,216918583.9,995237.36,,,,64569285.58,,,,10325523.32,76644915.21,809777284.0,1196087686.0,100000000.0,,,,,4798548.87,49392284.05,3278371.96,,,586051.09,2375950.22,526733.87,,6001054.7,,,,,39000000.0,,4801978.17,210760972.9,65000000.0,,,,,46481329.24,318091.69,,111799420.9,322560393.9,567000000.0,98774678.44,,3781238.61,28317307.56,,161715312.9,,859588537.5,13938754.61,873527292.2,1196087686.0,,,,,,,,,,-123203363.3,170000000.0,,85606396.97,,,,77230000.0,,,80268644.63,116324805.2,87919094.8,51428898.93,,267528398.3,10897033.28,285329607.8,,242520.54,,43092445.85,,-22.1,22688297.58,,,14340565.75,115719580.9,,199723210.8,6904176.23,239528168.5,,,,,152200000.0,362703.8,80689434.25,124403927.6,167496373.4,,159259523.9,247230000.0,,37686919.5,166540565.8,,,,79481335.58,-0.07,,151839662.2,,,151839662.2,-51873926.61,1255911.97,-0.07,-68123008.99,-26628499.55,-45516157.39,,,-45529402.81,,-45516157.39,,,,242520.54,,,4580602.35,,,37805862.06,123194828.1,-45529402.81,,1771063.22,1337571.85,,,-13245.42,,-6344523.8,17586654.23,-13245.42,,220205191.7,,,,,,,,,,,,,,,,,,,,,,,,,,,,,,,,,,,,,,,,,,,,,,,,,,,,,,,,,,,,,,,,,,,,,,,,,,,,,,,,,,,,,,,,,,,,,,,,,,,,,,,,,,,,,,,,,,,,,,,,,,,,,,,,,,,,,,,,,,,,,,,,,,,,,,,,,,,,,,,,,,,,,,,,1
267933,5,5,4,3,A,12,1,CHAS_2007,CNY,245221817.7,,,,21236000.0,109225309.0,26596291.97,,,,,,186724178.8,,1050527778.0,,29338.73,1639560714.0,,400000.0,,964487388.6,272896130.9,,100921251.5,1685743.53,,,,,284277931.3,,,137500.02,5339627.09,3745534.22,1633891107.0,3273451821.0,548746670.0,,,,,,446990437.7,338747946.4,,,17516089.74,43255663.39,1001669.82,,17446651.61,,,,,,,21000.0,1413726129.0,,,,,3731446.31,200000.0,,,3931446.31,1417657575.0,161600000.0,959385188.0,,,44902447.23,,649366887.9,,1815254523.0,40539722.85,1855794246.0,3273451821.0,,,,,,,5903356.33,,,-453929714.7,870901570.0,,-13000685.89,,7000000.0,85713000.0,,,,90000000.0,,593374808.2,125262428.7,,824446702.9,1237798.8,855206428.7,,,169559983.2,-572197315.3,7000000.0,182951.83,42852922.42,,,35458254.41,,,868207114.6,29521926.98,453929714.7,,,,,941989825.8,,-105449866.5,815165776.6,242968461.3,,108656731.5,877901570.0,,106716955.3,983351436.5,,,,126857470.8,0.32899999999999996,-611202.51,1018433518.0,,,1018433518.0,121903871.3,5828.02,0.32899999999999996,118300649.8,14303652.15,106386203.7,,,106493688.4,,106386203.7,,,,-611202.51,,,-28133290.57,,,42503338.38,719507812.5,106493688.4,,24482682.04,311458.02,,,107484.75,,15410182.88,3914679.53,107484.75,,899521665.3,,,,,,,,,,,,,,,,,,,,,,,,,,,,,,,,,,,,,,,,,,,,,,,,,,,,,,,,,,,,,,,,,,,,,,,,,,,,,,,,,,,,,,,,,,,,,,,,,,,,,,,,,,,,,,,,,,,,,,,,,,,,,,,,,,,,,,,,,,,,,,,,,,,,,,,,,,,,,,,,,,,,,,,,0
273650,6,6,5,3,A,12,1,CHAS_2007,CNY,561008999.1,,,,,114885661.4,6974075.74,,,,,,26544523.31,,15369664.19,,46901213.36,835839648.8,,,,2033558455.0,3500000.0,,9543436.78,,,,,,1304115965.0,,,167294.47,102915149.8,198370115.4,3652170417.0,4488010066.0,258377800.0,,,,,,227081047.6,22053655.55,,,45311306.41,32401970.68,7111498.14,,17582345.67,,,,,103626653.2,,,713546277.3,1546342676.0,,336382069.3,,,,3983602.16,,1886708348.0,2600254625.0,1045000000.0,628984641.8,,,22381880.39,,201948752.5,,1887755441.0,,1887755441.0,4488010066.0,-10559833.62,,,,,,7340433.32,,,-364650373.4,1238977689.0,,-65344973.48,,,,,,,,4382515.75,81600463.33,95137503.67,,591250519.9,51762662.74,673990716.5,,,,-227713317.7,,6161764.41,105613908.5,,,103178625.3,4357816.27,,739335690.0,30977533.88,369032889.2,,,,,932338366.0,24699.48,196120264.8,762356432.8,534643115.1,,369032889.2,1238977689.0,,136673191.0,1042857425.0,,,,86365806.07,0.14,,518390910.3,,,518390910.3,150499666.2,,0.14,111249804.6,16760425.22,157225582.9,6239708.06,,157225582.9,,150985874.9,,,,,,,103810548.5,,,,190563620.1,150985874.9,,9640705.72,1309154.65,,,,,-486208.71,40559016.17,,,407141105.7,,,,,,,,,,,,,,,,,,,,,,,,,,,,,,,,,,,,,,,,,,,,,,,,,,,,,,,,,,,,,,,,,,,,,,,,,,,,,,,,,,,,,,,,,,,,,,,,,,,,,,,,,,,,,,,,,,,,,,,,,,,,,,,,,,,,,,,,,,,,,,,,,,,,,,,,,,,,,,,,,,,,,,,,0
279167,5,5,4,3,A,12,1,CHAS_2007,CNY,248722800.9,,,,15174724.84,541071590.7,9054427.17,,,,,,53542640.39,,1279293000.0,203751224.1,1496673.17,2352107082.0,,16000000.0,,645106998.5,,,45664839.14,69924272.2,,,,,18619843.6,,449095972.5,4226499.62,34371134.53,547916.0,1283557476.0,3635664558.0,511441413.6,,,,,49018211.63,1048739138.0,31158024.68,,,19956542.91,160603100.6,10552701.84,,5749516.04,,,,,386760000.0,,,2223978649.0,163740000.0,242916551.7,40000000.0,,,4250000.0,393231.33,,451299783.0,2675278432.0,325736000.0,61973551.52,,,54500121.76,,516468789.3,,958678462.6,1707663.38,960386126.0,3635664558.0,,,,,,,7970482.71,,,-250775111.9,656441413.6,,-137327609.1,,100000.0,16000000.0,10000000.0,,,,95217.5,725743411.9,110285253.8,,932140332.9,,940012085.9,,,213037404.0,-58938.44,100000.0,,65657615.38,,,50627148.29,,,1077339695.0,7871753.04,250870329.4,,247500000.0,,,467400000.0,95217.5,388043782.6,225517381.2,225458442.8,,21832925.42,914041413.6,,175653414.0,525997631.0,,,,225714812.7,0.51,,1888861161.0,,,1888861161.0,202792360.5,149343.47,0.52,199373332.5,37004847.09,167951055.8,,,168542486.7,,167951055.8,,,,,,,27904225.27,,,6110751.44,1330157807.0,168542486.7,,62595384.54,489343.47,,,591430.91,,34249873.79,3908371.5,591430.91,,1689487828.0,,,,,,,,,,,,,,,,,,,,,,,,,,,,,,,,,,,,,,,,,,,,,,,,,,,,,,,,,,,,,,,,,,,,,,,,,,,,,,,,,,,,,,,,,,,,,,,,,,,,,,,,,,,,,,,,,,,,,,,,,,,,,,,,,,,,,,,,,,,,,,,,,,,,,,,,,,,,,,,,,,,,,,,,0
346816,5,5,4,3,A,12,1,CHAS_2007,CNY,378338765.3,,,,3346855.5,89991124.27,37371683.27,,,,,,13410215.38,,115135359.0,,226206974.5,863800977.2,,,,,16872971.58,1079528.62,112454174.1,,,48500.0,,,13218486.6,,,,3192313.2,,146865974.1,1010666951.0,,,,,,6728476.37,30470624.65,83608043.9,,,6817266.06,4243179.26,,,39858920.58,,,,,,,,171726510.8,,,,,,400000.0,,,400000.0,172126510.8,211734000.0,316795557.8,,1503123.83,41273947.94,,267532731.3,,838540440.5,,838540440.5,1010666951.0,-298920.36,,,,,,,,,-79622901.25,,,50917227.51,,,356000000.0,9531871.02,,,,281210805.0,221398616.2,50101184.39,275300000.0,319983467.6,4362393.98,373158021.1,,5866155.01,,-21526654.95,,8233847.77,21173504.57,,,10586700.0,,,322240793.6,48812159.48,360833706.3,,,,,,44650.0,-1054828.98,379328390.4,357801735.5,,4833706.26,9531871.02,,29567488.39,10586700.0,,,,26848477.46,0.1778,-36605.2,226820713.1,,,226820713.1,44210775.79,2688.94,0.1778,43113047.14,1573940.04,37208511.55,-443631.31,,37208511.55,,37652142.86,,,,5829549.81,,,-21583333.16,,,19222791.11,162436717.0,37652142.86,,1038623.37,50531.6,,,,,6558632.93,1148260.25,,,189537215.8,,,,,,,,,,,,,,,,,,,,,,,,,,,,,,,,,,,,,,,,,,,,,,,,,,,,,,,,,,,,,,,,,,,,,,,,,,,,,,,,,,,,,,,,,,,,,,,,,,,,,,,,,,,,,,,,,,,,,,,,,,,,,,,,,,,,,,,,,,,,,,,,,,,,,,,,,,,,,,,,,,,,,,,,0
357070,5,5,5,3,A,12,1,CHAS_2007,CNY,18576300.0,,,,,4224400.0,1963300.0,,,,,,1696700.0,,8244900.0,,624200.0,35329800.0,,5000000.0,,,,20975500.0,814805100.0,1298000.0,,,,,94262100.0,,,6105600.0,139400.0,11079900.0,953665600.0,988995300.0,70000000.0,,,,,,36771400.0,13160000.0,,,200800.0,16169900.0,,,3701600.0,,,,,25000000.0,,,165003700.0,513000000.0,,,1161600.0,,,,,514161600.0,679165300.0,60000000.0,18306700.0,,,27128000.0,,162759700.0,,268194400.0,41635700.0,309830000.0,988995300.0,,,,,,,,,,-54711200.0,396000000.0,,184126200.0,,,,,,,,216600.0,87501100.0,40820000.0,,441235400.0,,446457800.0,,178600.0,,-39007900.0,,,46673000.0,,,55422900.0,,,262331600.0,5222400.0,54927900.0,,,,,509000000.0,38000.0,-168422900.0,57584200.0,18576300.0,1855000.0,54927900.0,396000000.0,,87337400.0,564422900.0,,,,75328300.0,0.9,,422925700.0,,,422925700.0,82371300.0,276400.0,0.9,79098500.0,25800.0,54032600.0,,,62707200.0,,54032600.0,,,,178600.0,,,40858800.0,,,61871000.0,143106900.0,62707200.0,,22815100.0,1078900.0,,,8674600.0,,19664100.0,4351700.0,8674600.0,,344005900.0,,,,,,,,,,,,,,,,,,,,,,,,,,,,,,,,,,,,,,,,,,,,,,,,,,,,,,,,,,,,,,,,,,,,,,,,,,,,,,,,,,,,,,,,,,,,,,,,,,,,,,,,,,,,,,,,,,,,,,,,,,,,,,,,,,,,,,,,,,,,,,,,,,,,,,,,,,,,,,,,,,,,,,,,0
424925,5,5,4,3,A,12,1,CHAS_2007,CNY,161860374.9,,,,1969155.73,124924588.8,1867781.86,,,,,31009436.95,10240036.19,,67776655.67,,245928.54,399893958.6,,,,,43464527.58,72317382.56,220164041.9,7940264.35,,,,,43755667.29,,,3278644.79,6183234.01,,397103762.4,796997721.1,,,,,,132300000.0,110328941.1,10442385.14,,,3838761.18,21655172.43,,1123928.51,6952266.62,,,,,5205717.36,,,291847172.3,1772533.1,,,,,10031198.36,,,11803731.46,303650903.8,83920000.0,239958100.0,5205717.36,,43078008.59,,116125547.3,,477875938.6,15470878.75,493346817.3,796997721.1,,,,,,,7760498.11,,,17418057.35,18357000.0,,51461504.26,,,4802000.0,,,,208995090.0,250702959.2,793768014.8,136557719.5,3071639.57,928181374.7,20059343.9,1035445143.0,,497335.69,,-29822488.68,,1222613.29,10132912.02,,,1785139.04,217751344.8,,983983638.4,87204424.07,233284901.8,,,,,108736026.4,4763552.27,-99924663.58,110611591.4,80789102.75,,19487811.8,18357000.0,,43524992.11,118281663.6,,24619086.82,,55016658.2,0.47,-1810400.09,898615658.8,,,898615658.8,50337426.73,263456.73,0.47,48277451.23,13607350.21,39235507.65,,,41364009.63,,39235507.65,,,,-1538154.4,,,-1975530.39,928130.0,,37426389.28,741518731.1,41364009.63,,4134584.83,1584324.31,,,2128501.98,,8973417.1,3644299.81,2128501.98,,849728183.2,,,,,,,,,,,,,,,,,,,,,,,,,,,,,,,,,,,,,,,,,,,,,,,,,,,,,,,,,,,,,,,,,,,,,,,,,,,,,,,,,,,,,,,,,,,,,,,,,,,,,,,,,,,,,,,,,,,,,,,,,,,,,,,,,,,,,,,,,,,,,,,,,,,,,,,,,,,,,,,,,,,,,,,,0
545184,5,5,4,3,A,12,1,CHAS_2007,CNY,162993206.4,,,,,74077384.51,11797602.39,,,,,,218478411.1,,307656455.4,,,775003059.8,,16284000.0,,735054565.5,2279024.46,24845078.57,37251306.32,262004809.2,,,,,37658202.89,,229539757.5,1324580.65,13100085.7,59664319.8,1419005731.0,2194008790.0,68500000.0,,,,,11863078.46,156992582.6,225928938.5,,,3694371.1,72426033.78,,6.59,361755064.5,,,,,30000000.0,,,931160075.6,26000000.0,20000000.0,,,258089.9,,3391500.0,,49649589.9,980809665.5,1058536842.0,638052390.9,,,149519070.7,,-569772039.2,,1148711287.0,64487838.1,1213199125.0,2194008790.0,-127624977.5,,,,,,11500000.0,,,-14204217.72,,,15794819.68,,132381862.8,600000.0,80727386.92,,,,19695.64,45636781.59,61699156.32,,86408847.75,,162894911.7,,595.1,1407239.13,111997414.3,,-74553.23,6144552.42,,,8627884.13,,,147100092.1,76486063.99,14223913.36,,,,,82500000.0,11212.44,110481365.6,15125501.57,127122915.9,,12216674.23,213109249.7,,33619601.73,102627884.1,,7888.1,,56741387.57,-0.0596,81114.14,84125970.69,,,84125970.69,-53177751.03,11952.15,-0.0596,-59377412.59,9252245.94,-33489506.88,21785757.11,,-32245959.39,,-55239327.37,,,,78896.4,,,11286140.24,,,5827018.04,57608246.98,-54031716.5,,2867240.91,23024.76,,,1243547.49,,853965.47,6222686.32,1207610.87,,143582279.7,1489064222.0,-887936103.7,1163336414.0,3156558945.0,285639686.6,4329977237.0,5535152556.0,123435179.9,5047932448.0,1415342.32,1709923465.0,3424430781.0,4237841601.0,2289213280.0,220859242.8,1026306605.0,8080598730.0,252719575.5,14672697475.0,1520698355.0,2961798216.0,787595249.9,1627324243.0,3.8738,0.2587,-4.8099,105.5585,9.8882,0.2571,1.1444,103.1955,0.0695,20.4964,7.2170000000000005,0.7332,321.5999,-35.8658,432.523,2290.2798,1850.0,1136.119,2345.2654,321.5999,1850.0,-205.4795,2719.1911,369.6359,408.9789,970.1631,386.0129,-113.3009,2.538011,0.712923,16.806275,18.980923999999998,-0.10636,-0.36203,4.268447,0.43204,63.554805,1.9593939999999999,0.23427699999999999,0.216777,-0.335598,0.23427699999999999,13.31192,3.939854,-0.6248100000000001,2.128324,0.048695,50.568656,0.28730700000000003,-0.11473699999999999,4.618546,2.61747,2.26606,-1.456748,25.074904,0.309936,0.4714,0.9551,1.4137,0.0079,0.4639,0.9039,2.7848,1.2503,0.6908,3.0559,1.0782,0.1633,3.0748,-0.5576,0.3005,8.9088,14.6639,7.02,7.02,10.9867,5.7249,6.3847,47.4828,10.5245,10.6726,81.0191,12.544,,96.1649,0.8913,53.9454,2.9532,1.3858,1.2343,66.5835,43.0119,0.0472,1.3125,3.8351,6.28,8.6066,17.5951,3.2527,20.6999,81.0191,12.0407,11.9261,4.5792,46.0546,1.6186,2.0854,1.2506,52.5172,5.2576,29.3542,1.2212,18.609,76.9487,15.1142,0.4651,6.9412,87.6651,13.8636,16.11,100.0,3.253,14.6639,86.1364,0.0294,18.0167,0.3506,23.6315,22.7281,2.1796,3.3527,18.084,83.89,65.5056,2.4752,0.429,752.0878,0.5243,2.4905,2.0186,145.4402,686.5821,0.2963,5.4957,0
640060,5,5,4,3,A,12,1,CHAS_2007,CNY,422808501.7,,,,17926625.8,350700768.1,34201212.9,,,,2329652.29,,38754722.61,,147767762.9,,65343312.15,1079832559.0,,,,113449550.4,3675915.91,5912291.88,48849163.93,133488389.0,,,,,73964495.46,,42081430.9,,9385607.26,,430806844.7,1510639403.0,,,,,,14755440.0,326698825.1,80629981.28,,,231006.29,13844643.73,,,2666917.38,,,,,,,,438826813.8,,,776500.0,,1507391.92,25181037.92,4122053.02,,31586982.86,470413796.6,338000000.0,290607014.4,,,37850721.01,,349611173.5,,1016068909.0,24156697.71,1040225607.0,1510639403.0,,,,,,,,,,-77017998.79,,,57778921.81,,1000000.0,329670000.0,,,,12854700.0,285566503.4,312542711.6,99307536.95,278850000.0,455837398.2,904748.85,545278986.8,,2771803.39,,-35139076.98,1000000.0,,41405513.94,,,16900000.0,3944700.0,,487500065.0,88536839.82,362584502.2,,,,,,,-15900000.0,454708598.7,419569521.7,,20059802.18,1000000.0,,34244302.56,16900000.0,,,,61271813.22,0.2,164677.35,607614192.4,,,607614192.4,119477467.0,,0.2,105120428.1,15635774.02,100890849.4,,,103900777.9,,100890849.4,,,,2936480.74,,,-7402147.62,,,18236053.66,413470144.7,103900777.9,,4218607.07,23694.85,,,3009928.44,,15576689.17,14380733.76,3009928.44,,505430245.0,,,,,,,,,,,,,,,,,,,,,,,,,,,,,,,,,,,,,,,,,,,,,,,,,,,,,,,,,,,,,,,,,,,,,,,,,,,,,,,,,,,,,,,,,,,,,,,,,,,,,,,,,,,,,,,,,,,,,,,,,,,,,,,,,,,,,,,,,,,,,,,,,,,,,,,,,,,,,,,,,,,,,,,,0
649517,5,5,4,3,A,12,1,CHAS_2007,CNY,246837467.4,,,,,155344892.3,7534123.8,,,,,,7739617.45,,35958023.32,,118307514.9,571721639.1,,,,,,3536157.86,54735559.19,300921573.7,3923338.32,,,,1979879991.0,,,6324123.22,84551558.18,17942986.82,2451815288.0,3023536927.0,,,,,,,103648370.4,50000.0,,,42679848.19,42158918.28,302262.64,,5179368.31,,,,,38840000.0,,,232858767.8,174520000.0,,,,720844939.4,136731763.8,78423053.95,,1110519757.0,1343378525.0,453800000.0,408078326.0,,,65410703.31,,752869373.1,,1680158402.0,,1680158402.0,3023536927.0,,,,,,,35636648.52,,,-258242377.4,50000000.0,,457472125.3,,469166000.0,290000000.0,13168423.18,,,,242938607.2,125986743.6,39495856.09,190863188.4,776491536.4,50741274.05,861088190.1,,,,33074999.19,,,122158537.7,,,72012523.38,52000000.0,,403616064.8,33855379.67,501180984.6,,,,,590840000.0,75418.83,-166154748.7,193154410.6,226229409.8,,211180984.6,532334423.2,,115974927.4,698489171.9,,,,73342295.95,0.45,,675060787.1,,,675060787.1,330143556.8,,0.45,275924864.0,-3320755.89,291352594.9,,,291352594.9,,291352594.9,,,,863188.36,,,85218230.85,,,6126384.45,229118033.0,291352594.9,,9514923.11,2201280.35,,,,,38790961.92,56419973.21,,,399999111.5,,,,,,,,,,,,,,,,,,,,,,,,,,,,,,,,,,,,,,,,,,,,,,,,,,,,,,,,,,,,,,,,,,,,,,,,,,,,,,,,,,,,,,,,,,,,,,,,,,,,,,,,,,,,,,,,,,,,,,,,,,,,,,,,,,,,,,,,,,,,,,,,,,,,,,,,,,,,,,,,,,,,,,,,0
658128,5,5,4,3,A,12,1,CHAS_2007,CNY,283859841.4,,,,6750000.0,142356603.6,36932728.29,,,,,,11089655.46,,69962470.87,,131734681.3,682685981.0,,,,103773300.0,5100243.91,249766550.8,715726524.2,794913635.7,,,,,1797439512.0,22275360.0,,14592821.95,12350456.87,400000.0,3716338405.0,4399024386.0,266000000.0,,,,,101518768.2,371838090.6,77500.0,,,11157855.21,46636919.61,4576805.26,,5185625.55,,,,,174000000.0,,,980991564.5,1289000000.0,,84132844.44,,,137495096.4,57027464.32,,1567655405.0,2548646970.0,356180613.0,943854380.0,,,39839958.56,,510502465.4,,1850377417.0,,1850377417.0,4399024386.0,,,,,,,,,,-775848877.4,1129000000.0,,157646737.1,,,5100000.0,112000000.0,,,24200000.0,253332963.2,148622566.7,38742006.89,160000000.0,512402568.9,27905730.74,577172070.4,,,643865503.9,-96587039.97,,0.19,151716780.6,,,125039693.0,93000000.0,,419525333.3,36863770.79,1029181841.0,,,,,594345206.8,332963.18,521615100.2,296698938.2,200111898.3,,356016336.7,1241000000.0,,80443979.09,719384899.8,,,,83085260.4,0.1842,243.91,825399099.4,,,825399099.4,270202013.0,472352.48,0.1842,241395914.0,1259326.38,228195230.2,,,228195230.2,,228195230.2,,,,243.91,,,85642795.41,11858242.6,,1212018.36,417015184.0,228195230.2,,7647087.43,844595.51,,,,,42006782.78,29650694.55,,,595861672.0,1348249.77,36178011.84,1150423.04,93613723.78,1369185.93,301509823.1,87132080.34,-757731.2,500000.0,-8993001.77,13897366.1,541152351.5,-214377742.7,-1586689242.0,12549116.33,157804.66,500000.0,-8184218.99,662894969.6,43661372.3,195536421.5,15998522.29,64654667.29,0.2955,16.6449,-76.1312,93.1029,-3747.9537,16.6449,-4733.8153,159.1586,3.7472,65.7962,0.5232,16.9461,153.9175,525.6239,80.132,106.4656,105.7947,108.9862,107.71799999999999,153.9175,105.7947,-74.3304,91.7092,100.9205,602.3729,99.435,468.8853,-77.1475,27.794732,2.283171,46.322174,12.59872,0.297429,-1.0538969999999999,6.433128,0.145548,15.306956,3.810347,0.144148,-0.132474,-1.038784,0.155445,1082.304703,429.75548499999996,56.798829000000005,4.14964,0.004541,1.485001,-0.0062829999999999995,0.30175599999999997,2.524294,4.203675,5.667530999999999,20.741825,1228.507651,-0.006374,0.006999999999999999,0.0434,-1.5762,0.0282,1.3430000000000002,0.0013,0.6102,-1.7328,-0.0006,0.1695,0.1665,0.1567,0.1695,0.0359,1.1864,1.3802,4.7672,-1.58,1.23,0.2288,-1.4641,1.1405,37.8942,0.2952,1.9967,87.4013,28.3526,,92.6623,0.1305,47.7985,0.066,0.1807,1.1441,58.9747,71.4036,,0.4564,0.0754,5.6532,0.6709999999999999,12.4181,0.1178,14.8125,81.0492,25.8005,25.8005,-209.3595,52.2015,5.6538,0.3609,0.0925,62.1058,4.6734,36.8679,0.0925,14.6729,-7.949,-0.3516,-4.7947,1.6554,-110.5636,-0.4441,106.2935,100.0,5.9802,4.7672,100.4441,,5.587000000000001,0.0416,36.9891,8.1453,1.1096,0.8198,0.7902,-6.2935,188.1044,4.3237,0.6156,200.7345,28.5032,0.8515,0.8314,83.262,12.6302,0.2895,1.9138,0
761905,5,5,4,3,A,12,1,CHAS_2007,CNY,190200329.2,,,11491656.0,939500.0,512882903.5,17203150.18,,,,,102066403.7,385236754.5,,200928195.6,,11037793.95,1431986687.0,,28197926.87,,,33385190.81,,2433243880.0,215745685.6,,,,,98459898.18,,43771645.32,52051991.45,14846660.15,29803984.52,2949506863.0,4381493549.0,739194923.3,,,,,25000000.0,716144502.6,60555481.28,,,21628753.32,101734300.3,8478253.68,36979250.0,133356495.8,,,,,63525047.68,,,1906597008.0,344560000.0,,99991944.1,,3804610.61,16320060.25,4823251.13,8525047.68,478024913.8,2384621922.0,598439493.0,613990370.5,17050095.36,10275113.28,41340950.17,,610808327.4,,1857835113.0,139036514.8,1996871628.0,4381493549.0,30954.05,,,,,,145426826.0,,,-176603462.2,931560000.0,,286606959.5,,3973104.0,14039597.95,121814323.2,,,,245853816.9,508089045.6,238400638.9,47372274.52,1263157695.0,34521970.2,1303846192.0,,1404643.76,11982902.1,59351845.09,3973104.0,65806.61,149539165.2,,,147538060.0,4454688.69,,1017239233.0,6166526.62,422457279.1,,,,,815100000.0,69000.0,-50717458.76,70588484.11,129940329.2,43743650.0,396434779.1,1057347427.0,,121210382.9,1108064886.0,,192553209.9,,122466155.9,0.4411,-22313714.34,1865236501.0,,,1865236501.0,351542986.6,40076.32,0.4411,312061379.0,70773614.18,246435466.8,-17527625.51,,271920924.8,,263976358.3,,,,54808199.14,,,77843544.92,-2547941.95,,80098037.83,1243139167.0,289448550.3,,11114858.84,3125280.51,,,25485457.95,,62094436.34,42606888.12,25472191.93,,1605435379.0,7758933.26,-21042466.2,4918311.42,95375906.47,61221078.25,171342683.9,77433920.74,6659828.21,29508400.0,-775922.03,14897274.0,285089500.1,-93908763.19,-1429003782.0,7138340.74,859139.58,29508400.0,95953.91,326848733.5,-21103290.44,64854343.7,5709259.53,40512873.63,0.3891,-12.0187,9.15,101.9318,-273.8387,-12.0187,-242.5491,3.1873,-3.7723,88.318,5.0999,87.714,-23.1968,3.7733,0.1761,-20.0316,0.0,-17.5527,-19.8186,-23.1746,0.0,-168.035,-117.6733,-22.9402,3.7733,-18.8141,3.7412,-168.0782,,0.988252,,38.495611,,,1.595801,,,2.1347810000000003,0.6259,,,0.626645,,,,2.1463520000000003,,,,,,2.372011,,,,,0.0056,-0.0242,-1.6362,-0.0209,1.1358,0.0089,0.34,-1.7605,0.0086,0.1737,-0.0238,0.1243,0.1737,-0.0241,1.0115,1.0056,3.2012,,1.68,1.6063,-0.2613,1.6611,26.6988,1.5803,1.6919,61.5044,25.5286,,90.8638,0.1015,38.7259,1.8616,12.6635,1.6259,63.0393,58.9703,,0.0797,9.0282,7.723,5.8293,25.8321,1.6007,27.7206,61.4313,13.415,12.1593,-295.5872,61.2741,0.8408,-4.9089,0.5662,73.3012,9.581,26.4688,0.5662,36.611,86.9091,4.9551,0.1055,11.2116,-15.9737,4.388999999999999,1.8793,100.0,0.1567,3.2012,95.611,,5.0501,0.0618,16.7823,9.8176,0.7498,1.8489,5.1133,98.1207,305.7417,2.1866,0.5071,406.3561,3.5780000000000003,2.5065,2.4256,164.6424,100.6144,0.3139,1.1775,0
769415,5,5,4,3,A,12,1,CHAS_2007,CNY,160794073.4,,,,,371003675.9,9533296.14,,,,,120000.0,29763454.45,,48412395.02,12922104.82,819033.84,633368033.6,,1200000.0,,,,,858354901.2,26251728.76,,,17148556.6,,162348575.6,,343210.49,18650062.49,14889838.58,,1099186874.0,1732554907.0,75000000.0,,,,,,268335358.4,25822966.53,,,42771126.39,5230767.74,,,64731084.05,,,,,136244759.7,,,618136062.8,264000000.0,,,2100000.0,,12353935.88,,,278453935.9,896589998.7,179509675.0,448481655.9,,,,,204678359.1,,832669690.0,3295218.58,835964908.5,1732554907.0,,,,,,,,,,-36320297.47,455000000.0,,125826090.5,,2750000.0,,,,,,1167211.0,466734854.7,143842507.5,,918087384.0,10860301.0,1051635902.0,,,,42284080.12,,,77818573.59,,,32771712.91,,,925809811.9,122688217.4,37487508.47,,,,,472200000.0,1167211.0,-47221712.91,118509993.3,160794073.4,,37487508.47,457750000.0,,237413876.1,504971712.9,,,,151969043.0,0.27,,989365476.4,,,989365476.4,61596954.37,1910774.63,0.27,46572610.72,10392025.93,47921644.09,,,46990266.54,,47921644.09,,,,120000.0,,,33692967.6,,,59673141.62,649058577.4,46990266.54,,38127110.15,4387784.72,,,-931377.55,,14606687.83,19412128.37,-931377.55,,942912865.7,-20646692.68,-60647331.3,-20430925.55,44152238.75,29298850.59,368269910.8,228579832.6,-18956334.84,108630240.0,-22682722.84,-5282017.07,688525032.3,-139690078.2,,15364675.61,-212229.26,108630240.0,-790491.16,819124764.4,-70054462.93,317284979.2,2870190.92,18616041.38,2.2301,-10.6803,54.1057,98.5282,140.2204,-10.6803,138.6679,11.0316,-2.978,23.565,3.6131,34.8627,5.4504,-0.6990000000000001,-0.0881,-995.1244,-1400.0,-822.1873,-982.5091,5.4504,-1400.0,39.5664,-459.3408,-998.1988,-0.3522,-880.2305,-0.3553,39.778,,1.625319,,20.399535999999998,,,3.896531,,,2.71628,0.256274,,,0.256639,,,,2.884794,,,,,,3.41042,,,,,-0.1254,-0.4433,,-0.1682,,-0.1306,4.4895,-0.5801,-0.1213,1.5748,-0.4825,,1.5748,-0.3838,4.3441,-2.2216,-7.971,-3.2,-2.79,-2.3121,-3.1971,-2.7925,7.48,-2.4893,-2.7876,79.6005,27.8206,,86.6151,,41.6237,10.0832,3.2825,1.2563,52.3652,77.1391,,1.5121,13.2617,3.139,8.9971,17.117,1.0074,6.5706,79.4874,35.5471,30.9252,,58.3763,2.3483,0.6852,-0.0853,92.52,7.0989,14.3865,-0.4365,0.0914,95.4681,-7.702000000000001,-0.2614,1.0688,114.3394,-7.6168,3.4631,100.0,0.1944,-7.971,107.6168,0.3512,-7.9783,0.4707,7.5489999999999995,-2.1223,0.0251,-0.0073,-8.296,96.5369,92.0899,10.7043,0.4644,201.4702,3.2913,1.0501,0.8531,33.6314,109.3804,0.2787,3.9092,0
933562,5,5,4,3,A,12,1,CHAS_2007,CNY,543234245.9,,,,,13833472.11,6946967.0,,,,,,81978836.9,,21112672.51,2524038.36,164184.62,669794417.4,,,,,,,585206788.0,135573461.9,202289.69,460014.71,,,429828599.9,,4932070.49,10867947.48,62224.4,16379102.84,1183512499.0,1853306917.0,530000000.0,,,,,,9531352.45,1209829.42,,,4043063.2,5182872.33,,,218609632.0,,,,,66500000.0,,,835076749.4,367000000.0,,,,1500000.0,,,,368500000.0,1203576749.0,189137931.0,439879411.7,,,5646283.67,,79039.65,,634742666.0,14987501.3,649730167.3,1853306917.0,,,,,,,,,,14581021.27,530000000.0,,37749061.22,,490000.0,,38615000.0,,,,67314811.96,42693854.13,48655212.25,,156944356.5,,187351325.2,,,,525002945.2,490000.0,,5960961.93,,,21432137.32,,,149602263.9,30406968.62,52733790.69,,,,,75000000.0,,472672862.7,17993967.86,542996913.0,,52733790.69,569105000.0,,52292235.62,96432137.32,,67314811.96,,69074053.93,0.0283,,152048468.8,,,152048468.8,6612044.39,96193.08,0.0283,-42997560.39,-6093262.23,5355251.62,,,3240969.6,,5355251.62,,,,20518247.07,,,21766453.58,,,22154858.5,103490265.9,3240969.6,,5171906.64,2531728.09,,,-2114282.02,,3371074.79,52141332.87,-2114282.02,,215564276.3,8104533.46,-10716118.83,7599679.17,35685661.78,,205534546.1,56085775.05,-17123389.8,0.0,-17505849.56,14659529.66,327886421.1,-149448771.1,-271646396.2,6554996.2,26554027.66,0.0,-4834390.33,329457281.8,-6182876.34,4462237.59,29639383.37,4214269.49,0.6657,-119.5364,193.8205,22.6364,111.131,-119.5364,-201.7826,-67.9718,-5.2115,,,-25.8487,3.6558,3.8427,-9.5209,190.3771,200.0,199.1257,190.3691,3.6558,200.0,27.7239,38.4582,187.0317,3.8427,139.1599,3.8235,27.6923,,4.187922,,9.773066,,,9.188184,,,4.195752,0.10831700000000001,,,0.10883499999999999,,,,6.739474,,,,,,6.759583,,,,,0.0209,-0.0107,-0.469,-0.0329,0.1817,0.013999999999999999,0.5661,-0.6156,0.0163,0.0275,0.1271,0.1466,0.0275,-0.0185,0.0351,3.1567,76.2151,-5.44,3.77,2.1086,-5.3389999999999995,3.7005,26.4727,2.35,3.7703,90.2269,40.9288,,99.5232,,33.9381,,,1.1083,37.7944,89.7967,,,0.0,1.4172,0.1965,9.7731,,,89.7967,1.2221,1.2221,-74.3945,66.0619,,,166.8038,73.5273,0.0,123.8629,166.8038,6.2293,-132.3401,59.2402,-30.2865,205.2259,-144.2839,-107.5636,27.1142,100.0,26.7542,76.2151,207.5636,,81.2781,4.7163,154.1494,92.0864,10.1734,5.063,50.91,72.8858,,1.1239,0.0987,22.0715,16.3106,5.9515,17.9387,320.3238,22.0715,0.0414,,0
1120282,5,5,4,3,A,12,1,CHAS_2007,CNY,152372174.5,,,,,1860411.65,2914665.02,,,,,,2206402.41,,7034697.87,,6095433.2,172483784.7,,,,,,,722282414.3,2992544.08,,,,,112838927.7,,,3728071.22,3498848.26,13018113.27,858358918.8,1030842703.0,,,,,,11378700.0,47665778.04,6711210.37,,,32389752.06,6451905.2,,,11434990.92,,,,,,,527290.81,116559627.4,,,,,,13649208.07,,4515521.49,18164729.56,134724357.0,110680000.0,333293772.6,,801216.9,52364699.16,,398978657.8,,896118346.5,,896118346.5,1030842703.0,,,,,,,6673798.6,,,-53872349.0,30000000.0,,147458757.1,,314311936.0,45000000.0,,,,2410000.0,46294338.46,92594471.69,20315352.35,45000000.0,400884887.1,,409641366.1,,798904.11,,114535570.2,,9.78,48902418.06,,,18538985.07,424891.59,,262182609.0,8756478.95,100166687.5,,,,,298150000.0,70542.76,20949152.33,37836604.31,152372174.5,,52756687.46,344311936.0,,100370366.9,323362783.7,,,,58016296.37,0.68,,400786490.9,,,400786490.9,94321587.21,6324064.17,0.68,95976933.29,-13823.67,70668192.04,,,70668192.04,,70668192.04,,,,798904.11,,,4904201.54,,,21240569.74,201534102.1,70668192.04,,19927115.68,6350301.82,,,,,23653395.17,4694955.74,,,305608461.7,,,,,,,,,,,,,,,,,,,,,,,,,,,,,,,,,,,,,,,,,,,,,,,,,,,,,,,,,,,,,,,,,,,,,,,,,,,,,,,,,,,,,,,,,,,,,,,,,,,,,,,,,,,,,,,,,,,,,,,,,,,,,,,,,,,,,,,,,,,,,,,,,,,,,,,,,,,,,,,,,,,,,,,,0
1159507,5,5,4,3,A,12,1,CHAS_2007,CNY,89450669.3,,,,32131770.64,169384054.8,3737464.16,,,,,,8959189.4,,52020490.0,,,355683638.3,,,,,6894460.06,,13324392.7,,,,,,5567750.92,,,2125680.57,2824389.62,,30736673.87,386420312.2,,,,,,14724625.91,46210285.45,6633177.77,,,16130.62,3781521.59,,,2634088.5,,,,,,,,73999829.84,,,,,,235235.92,,,235235.92,74235065.76,55290000.0,78320389.37,,,17533808.11,,161041049.0,,312185246.4,,312185246.4,386420312.2,,,,,,,,,,-13306205.33,,,13933138.41,,,6900000.0,,,,,14470.21,133155039.8,42194151.72,,264487639.9,,274950990.6,,,,626933.08,,,29921564.85,,,,,,261017852.2,10463350.67,13320675.54,,,,,,14470.21,,72212464.99,72839398.07,,6420675.54,,,55747095.85,,,,,47114304.51,0.7655,-5539.94,244108260.6,,,244108260.6,47257192.25,6171.37,0.7655,43841009.42,3892413.3,42325262.9,,,42325262.9,,42325262.9,,,,-5539.94,,,-2259120.08,,,13811513.66,134098149.9,42325262.9,,3604449.92,52171.37,,,,,4931929.35,3468354.2,,,200261711.2,,,,,,,,,,,,,,,,,,,,,,,,,,,,,,,,,,,,,,,,,,,,,,,,,,,,,,,,,,,,,,,,,,,,,,,,,,,,,,,,,,,,,,,,,,,,,,,,,,,,,,,,,,,,,,,,,,,,,,,,,,,,,,,,,,,,,,,,,,,,,,,,,,,,,,,,,,,,,,,,,,,,,,,,0
1260961,5,5,4,3,A,12,1,CHAS_2007,CNY,93346252.24,,,,4930000.0,169142610.0,11344925.4,,,,,,13738422.02,,71938819.61,4885876.43,,369326905.7,,,,24523548.59,37277187.4,,2566470.73,29973527.08,,,,,226777195.3,,,1450299.33,6416898.27,,328985126.7,698312032.4,124163748.0,,,,,,74515976.02,5816891.47,,,9120523.65,21469789.82,293549.29,,2470876.3,,,,,1000000.0,,,238851354.6,35000000.0,,,,18964870.4,10621089.74,,,64585960.14,303437314.7,76828500.0,210986777.2,,,5789858.21,,92973603.35,,386578738.7,8295978.94,394874717.7,698312032.4,,,,,,,2650000.0,,,-75965666.03,175221062.0,,-4608782.9,,80000000.0,39200000.0,1586789.58,,,,5000.0,163046582.6,50057686.56,,270064722.7,1542297.5,297141980.4,,,,50294973.15,,148193.3,14795006.08,,,6437965.96,,,301750763.3,25534960.17,75970666.03,,,,,116998656.8,5000.0,130721228.8,36248156.38,86543129.53,1022000.0,36770666.03,256807851.6,,73851488.05,126086622.8,,,,40179784.25,,-222812.6,329892609.5,,,329892609.5,49160568.67,58054.26,,34026077.2,3932384.17,45327131.75,,,46665391.0,,45327131.75,,,,-222812.6,,,4143329.91,,,13448415.03,229511384.8,46665391.0,,4428421.54,113562.04,,,1338259.25,,2495177.67,15248053.51,1338259.25,,295643719.7,,,,,,,,,,,,,,,,,,,,,,,,,,,,,,,,,,,,,,,,,,,,,,,,,,,,,,,,,,,,,,,,,,,,,,,,,,,,,,,,,,,,,,,,,,,,,,,,,,,,,,,,,,,,,,,,,,,,,,,,,,,,,,,,,,,,,,,,,,,,,,,,,,,,,,,,,,,,,,,,,,,,,,,,0
1323524,5,5,4,3,A,12,1,CHAS_2007,CNY,747799257.1,,,,99564597.75,337636058.0,2391823.63,,,,,,32296823.69,,286091852.6,,24259860.03,1530040273.0,,6080000.0,,100000000.0,26720257.57,,110175809.9,359715122.5,,,,,24333546.33,,1106677.05,,1901594.5,150631743.3,780664751.2,2310705024.0,,,,,,191169380.2,499284854.2,3303592.56,,,6350100.12,22899415.6,292706.94,,74373348.23,,,,,,,,797673397.9,170000000.0,,,,,10576750.0,,,180576750.0,978250147.9,215873795.0,815402793.1,49175658.0,3239839.93,40739372.21,,296001758.8,,1322130012.0,10324863.99,1332454876.0,2310705024.0,48111.04,,,,,,,,,-197168540.3,170000000.0,,15461664.43,,370513091.8,2580000.0,,,,,53019017.47,446668832.4,171198603.2,,738548493.1,3235710.92,756786008.1,,,,347250202.3,7370000.0,,53701256.26,,,11556013.6,11982717.47,,741324343.6,15001804.08,250187557.7,,,,,,200.0,528957078.2,287521817.6,634772020.0,,247607557.7,540513091.8,,69755651.84,11556013.6,,41036100.0,,56205092.5,0.18,-637142.43,773321520.9,,,773321520.9,128586942.6,19419.06,0.18,111017353.3,3171416.63,112944546.6,82912.02,,110219711.8,,112896435.5,,,,18029883.94,,,-6421295.4,,,22259402.6,593583666.8,110136799.8,,11535768.44,25680.18,,,-2724834.71,,18450142.73,17595269.44,-2759635.69,,680334051.5,,,,,,,,,,,,,,,,,,,,,,,,,,,,,,,,,,,,,,,,,,,,,,,,,,,,,,,,,,,,,,,,,,,,,,,,,,,,,,,,,,,,,,,,,,,,,,,,,,,,,,,,,,,,,,,,,,,,,,,,,,,,,,,,,,,,,,,,,,,,,,,,,,,,,,,,,,,,,,,,,,,,,,,,0
1488375,5,5,4,3,A,12,1,CHAS_2007,CNY,554338142.4,,,5873290.3,190606247.0,2306137404.0,202909361.7,,,,1875583.33,,108825969.7,,569520707.6,,18286912.04,3958373618.0,,617425295.4,,,19020571.36,1820080.39,380257612.6,195343967.5,,,,,71619582.6,,178530501.5,6915005.73,28280093.42,,1499212710.0,5457586328.0,901321465.3,,,,,69791752.19,300865687.8,71971423.23,,,14533419.91,83446880.15,3638386.58,,448076493.2,,,,,,,570800.0,1894216308.0,,,,4636363.6,,24466666.67,91686426.02,,120789456.3,2015005765.0,484924403.0,2053312204.0,,,49363326.94,,257168246.1,,3362269041.0,80311522.95,3442580564.0,5457586328.0,517500860.6,,,,,,94452714.46,,,-150625629.2,869111000.0,,207161562.6,,421092675.5,3530154.54,33000000.0,,,1525606750.0,1537474378.0,2247195174.0,325191835.1,27585110.2,2888458399.0,8096104.54,3045299427.0,,8914980.64,101437726.5,340377900.8,,982014.32,136004840.5,,,52020723.27,1494756750.0,,2838137865.0,148744924.1,1688100007.0,,,,,893870284.7,6217536.77,282859953.1,72437634.24,412815535.0,,57525375.85,1323203676.0,,129746015.3,1040343722.0,,,,186172690.6,0.21,-183925.3,3042602740.0,,,3042602740.0,124754069.1,24475914.02,0.21,53862950.31,101180558.1,244747990.3,132946272.0,,240428030.6,,112101485.5,,,,35897563.07,,,57797514.49,5361306.48,,111316103.2,2562071024.0,107481758.7,,11460769.15,28057238.73,,,-4319959.63,,17272310.48,98948357.56,-4619726.82,,3029998660.0,,,,,,,,,,,,,,,,,,,,,,,,,,,,,,,,,,,,,,,,,,,,,,,,,,,,,,,,,,,,,,,,,,,,,,,,,,,,,,,,,,,,,,,,,,,,,,,,,,,,,,,,,,,,,,,,,,,,,,,,,,,,,,,,,,,,,,,,,,,,,,,,,,,,,,,,,,,,,,,,,,,,,,,,0
1790706,5,5,5,3,A,12,1,CHAS_2007,CNY,319467200.0,,,,800000.0,258323900.0,169603700.0,,,,,,23510800.0,,18840200.0,229883500.0,25906100.0,1046335500.0,,,,2463564800.0,,,98945900.0,,,,,,16185400.0,,,513400.0,130658100.0,,2709867500.0,3756203000.0,300000000.0,,,,,14000000.0,334852000.0,8270000.0,,,15503400.0,67701000.0,1742600.0,,39160200.0,,,,,144588700.0,,317498300.0,1243316200.0,514405500.0,,38790000.0,,111172000.0,913800.0,55058700.0,,720340000.0,1963656200.0,400000000.0,704163800.0,,,33123600.0,,603595700.0,,1740883100.0,51663600.0,1792546700.0,3756203000.0,,,,,,,2773000.0,,,-2037000.0,564000000.0,,364841000.0,,,,,,,,41000.0,609964000.0,30258500.0,,1141357500.0,7692100.0,1156416900.0,,,,222440900.0,,,93692700.0,,,92298100.0,,,791576000.0,7367400.0,2077900.0,,300000000.0,,,909292000.0,41000.0,-140363100.0,76995600.0,299436500.0,7202800.0,2077900.0,864000000.0,,57660700.0,1004363100.0,,,,48221400.0,0.439,,821669200.0,,,821669200.0,232596300.0,177900.0,0.439,224054900.0,15205400.0,175477500.0,,,178297800.0,,175477500.0,,,,,,,121380000.0,,,15547800.0,373506400.0,178297800.0,,23753200.0,1802000.0,,,2820300.0,,54298500.0,10343400.0,2820300.0,,597614300.0,,,,,,,,,,,,,,,,,,,,,,,,,,,,,,,,,,,,,,,,,,,,,,,,,,,,,,,,,,,,,,,,,,,,,,,,,,,,,,,,,,,,,,,,,,,,,,,,,,,,,,,,,,,,,,,,,,,,,,,,,,,,,,,,,,,,,,,,,,,,,,,,,,,,,,,,,,,,,,,,,,,,,,,,0
1933289,5,5,4,3,A,12,1,CHAS_2007,CNY,113584786.9,,,,,4498506.32,4003994.57,,,,,,10467786.61,,5060488.77,,,137615563.1,,,,,,14464503.52,563504302.2,39936688.77,,,51933.4,,88854287.87,,,14961820.63,2968425.12,10441548.21,735183509.7,872799072.9,60000000.0,,,,,,44407488.38,1977455.95,,,26463705.54,20905931.75,172876.57,1683.0,18592671.2,,,,,18450000.0,,,190971812.4,61100000.0,,1500000.0,,,4541933.33,,,68930053.49,259901865.9,320835149.0,97142310.3,,1195749.57,25028181.4,,162507444.3,,606708834.6,6188372.39,612897207.0,872799072.9,,,,,,,,,,-157192300.8,80000000.0,,209063706.5,,,8000000.0,,,,3346124.86,5668849.15,224315621.5,42618867.02,,670777345.6,431000.0,681226272.8,,,,56209566.9,,,118419538.6,,,9461838.81,1757500.0,,472162566.3,10017927.27,162861149.9,,,,,66200000.0,426947.09,4338161.19,56475219.97,112684786.9,,151515025.1,80000000.0,,86808539.15,75661838.81,,3484402.06,,64019512.61,0.36,,674880018.0,,,674880018.0,158381667.1,108194.72,0.36,158035048.9,3978069.77,114396010.5,,,114337097.5,,114396010.5,,,,1579626.24,,,8233806.44,,,31372869.76,383016788.0,114337097.5,,27803548.79,1350832.61,,,-58913.08,,44044569.63,1697450.8,-58913.08,,518424595.3,,,,,,,,,,,,,,,,,,,,,,,,,,,,,,,,,,,,,,,,,,,,,,,,,,,,,,,,,,,,,,,,,,,,,,,,,,,,,,,,,,,,,,,,,,,,,,,,,,,,,,,,,,,,,,,,,,,,,,,,,,,,,,,,,,,,,,,,,,,,,,,,,,,,,,,,,,,,,,,,,,,,,,,,0
1944988,5,5,4,3,A,12,1,CHAS_2007,CNY,119229633.6,,,,,2053450.67,3144778.3,,,,,,3264281.54,,1821493.76,,2642875.66,132156513.5,,20000000.0,,1073512.3,7889.47,,274983758.2,17381517.2,,,16736867.54,,107286495.3,,,64353350.17,8402661.81,,510226052.0,642382565.5,50000000.0,,,,,,2384403.98,6801203.19,,,9496922.48,11054367.77,315333.33,1545320.63,36121579.18,,,,,20567544.16,,,138286674.7,80000000.0,,10550152.0,,,3649504.42,177459.27,,94377115.69,232663790.4,92000000.0,197755453.2,,,18772403.21,,77791299.3,,386319155.7,23399619.35,409718775.0,642382565.5,,,,,,,2974945.77,,,-24683031.3,50000000.0,,117368387.2,,3000000.0,,3600000.0,,,,3435471.35,65386814.63,31610668.55,,307326239.2,,315882564.8,,1000000.0,-4184267.23,358255.65,3000000.0,,29709411.31,,,31952154.46,,,198514177.6,8556325.6,28118502.65,,,,,114000000.0,2436174.37,-92327100.23,118871377.9,119229633.6,,32302769.88,56600000.0,,71807283.08,148927100.2,,-703.02,,59898395.47,0.4673,51670.54,305280235.3,,,305280235.3,58881291.4,2707231.86,0.4673,58702157.63,3101715.48,42987222.6,,,46468208.68,,42987222.6,,,,5122595.47,,,13029141.63,,,27004269.92,138063080.5,46468208.68,,10604070.17,3230661.7,,,3480986.08,,12413082.72,3409795.47,3480986.08,,251700673.2,2453352334.0,779635285.0,1955632808.0,3597190382.0,97036076.71,2231652138.0,-667187218.7,1687486824.0,3674396020.0,1193098650.0,3350014316.0,10082883906.0,4213440643.0,9116149801.0,896661981.1,391044618.1,10786676020.0,337334768.1,29899288151.0,763726704.0,15706686025.0,32288765.8,3478067683.0,1.5755,14.655,-56.1479,95.2434,133.7623,14.655,108.5969,16.7828,6.7192,8.4839,7.6156,137.9341,-39.6653,6.4628,-0.1851,6.3785,5.7971,2.6926,2.3598,-39.6653,5.7971,21.7614,3.8676,-0.0791,6.4628,4.3099,3.9531,21.7635,,0.903962,,43.106244000000004,,,0.9992129999999999,,,1.22555,0.757662,,,1.000787,,,,1.285706,,,,,,1.3069,,,,,0.7317,0.456,5.4432,1.3478,2.9052,1.4649,8.6397,4.6163,1.2411,9.1967,0.9771,0.8269,9.1967,0.4655,2.0783,5.0164,10.9511,8.5,8.73,7.2963,8.2456,8.4688,22.5813,6.5737,8.7338,56.8938,19.567,5.9535,48.3942,0.0531,71.7111,4.7563,21.4604,1.7577,166.4899,30.0144,15.2181,1.0897,36.0767,4.1469,0.4588,21.6458,3.4917,3.8898,43.0723,46.7551,41.7205,27.1366,28.2889,12.7677,0.0268,2.5389,77.4187,,11.2949,2.5389,20.2873,79.7482,13.4948,2.4424,18.4802,70.7342,10.956,1.7715,100.0,0.517,10.9511,89.044,,13.7382,0.2737,8.8524,21.7499,0.3036,2.7871,15.9284,98.2285,36.5483,6.7652,1.5549,47.1864,33.8408,1.1113,0.9757,53.2133,10.6381,0.4581,9.85,0
2014905,5,5,4,3,A,12,1,CHAS_2007,CNY,339551852.8,,,,350000.0,815685623.9,23959.5,,,,,,41395900.33,,672869222.8,,,1869876559.0,,106618654.1,,247289657.2,,,17949918.32,,,,,,352553.78,,,1362555.19,19045341.03,,392618679.7,2262495239.0,179500000.0,,,,,41291317.0,863813512.4,891661.32,,,12365585.93,97669426.16,,,28112632.29,,,,,,,,1223644135.0,,,,,,,,,,1223644135.0,170700000.0,271317584.8,,,57819663.11,,535679250.9,,1035516499.0,3334605.11,1038851104.0,2262495239.0,,,,,,,76962879.36,,,-119085457.3,297500000.0,,279338089.1,,156300000.0,115440000.0,55046655.0,,,,,202655983.4,298153926.1,,565033328.3,,869286202.3,,,,262366377.2,,,54107784.44,,,12270030.38,,,589948113.1,304252873.9,119085457.3,,,,,317500000.0,,102113745.3,44340282.62,306706659.8,,3645457.25,508846655.0,,35030419.21,406732909.7,,,,41582517.24,0.93,,878742853.4,,,878742853.4,187551895.0,,0.93,199921161.9,28611752.34,151240061.4,,,151225391.7,,151240061.4,,,,,,,-3767066.29,,,,593902502.8,151225391.7,,30417165.59,503810.31,,,-14669.68,,36326503.29,59723.6,-14669.68,,671063977.3,,,,,,,,,,,,,,,,,,,,,,,,,,,,,,,,,,,,,,,,,,,,,,,,,,,,,,,,,,,,,,,,,,,,,,,,,,,,,,,,,,,,,,,,,,,,,,,,,,,,,,,,,,,,,,,,,,,,,,,,,,,,,,,,,,,,,,,,,,,,,,,,,,,,,,,,,,,,,,,,,,,,,,,,0
2097016,5,5,4,3,A,12,1,CHAS_2007,CNY,354354230.2,,,,5650000.0,447735930.2,30590428.88,,,,,,76135323.18,,489983888.4,,,1404449801.0,,,,,85677833.36,,225845686.4,30105426.89,,,,,669102435.9,,351078143.9,,11306022.11,,1373115549.0,2777565350.0,402000000.0,,,,,44887082.9,381659764.5,34397736.41,,,6145792.3,45521157.06,807487.28,,14073321.07,,,,,32014000.0,,445495.24,961951836.8,130549000.0,,41240000.0,,,33488517.65,,,205277517.7,1167229354.0,348120888.0,921557820.2,,,27979360.49,,287645000.0,,1585303069.0,25032926.47,1610335995.0,2777565350.0,,,,,,,27156603.33,,,-428477420.7,572070000.0,,51772954.28,,3315000.0,103600000.0,,,,2562028.76,58106787.08,416256746.8,82381002.62,,629306735.5,541191.32,685531887.9,,,,102567263.3,3315000.0,-52980.07,58529651.69,,,33396686.9,58025187.08,,633758933.6,55683961.06,486584207.8,,,,,35507000.0,81600.0,479324709.8,204560237.6,307127500.9,,380422179.0,575385000.0,,76591532.51,96060290.23,,,,108285845.9,0.35,-161208.74,960909015.8,,,960909015.8,148688175.6,79967.5,0.35,142530561.6,22624070.46,120559675.8,,,127098732.3,,120559675.8,,,,-161208.74,,,12517407.56,,,23261125.65,632930686.2,127098732.3,,18598109.74,1164023.58,,,6539056.46,,21589443.36,7321637.62,6539056.46,,818217245.5,,,,,,,,,,,,,,,,,,,,,,,,,,,,,,,,,,,,,,,,,,,,,,,,,,,,,,,,,,,,,,,,,,,,,,,,,,,,,,,,,,,,,,,,,,,,,,,,,,,,,,,,,,,,,,,,,,,,,,,,,,,,,,,,,,,,,,,,,,,,,,,,,,,,,,,,,,,,,,,,,,,,,,,,0
2147203,5,5,4,3,A,12,1,CHAS_2007,CNY,1173360796.0,,,,29038000.0,249879191.9,11329920.5,,,,1679212.82,,65499255.04,,1745127548.0,791625962.8,1277789.17,4068817676.0,,1109980.0,,1962461244.0,177856568.2,,317175163.5,236264727.8,,,,,1451524.72,,70082291.05,46254898.99,22505940.38,34318283.05,2869480622.0,6938298297.0,1050000000.0,,,,,,650697219.5,65804468.98,,,84129174.49,160601279.0,15020104.42,,44184627.42,,,,,238799614.4,,,2309236488.0,819802097.3,495730024.8,,,,52455260.0,,,1367987382.0,3677223870.0,807596268.0,1340731621.0,,,115873852.5,,971666565.6,,3235868307.0,25206119.61,3261074427.0,6938298297.0,,,,,,,7914989.95,,,-872225667.5,1865120025.0,,-56900225.23,,966079996.8,65600000.0,,,,901662413.3,417156156.8,1518935656.0,128015239.3,,2134018831.0,,2201362487.0,,56204539.21,77769719.13,420971629.4,,37.22,121913051.5,,,208324258.6,357203154.5,,2258262712.0,67343655.59,1289381824.0,,495500000.0,,,1760363288.0,3748463.03,1350097485.0,742395907.8,1163367537.0,,244349691.8,3326700022.0,,489398765.5,1976602537.0,,,,295692489.3,0.24,11753793.92,2613273021.0,,,2613273021.0,336324392.0,51861.62,0.24,328776997.6,9841748.12,306042838.3,,,304101402.5,,306042838.3,,,,132064074.4,,,143745495.8,,,,1910478105.0,304101402.5,,56802259.18,2450828.53,,,-1941435.8,,32222989.49,9998222.95,-1941435.8,,2416560098.0,,,,,,,,,,,,,,,,,,,,,,,,,,,,,,,,,,,,,,,,,,,,,,,,,,,,,,,,,,,,,,,,,,,,,,,,,,,,,,,,,,,,,,,,,,,,,,,,,,,,,,,,,,,,,,,,,,,,,,,,,,,,,,,,,,,,,,,,,,,,,,,,,,,,,,,,,,,,,,,,,,,,,,,,0
2298161,5,5,4,3,A,12,1,CHAS_2007,CNY,2655374114.0,,,,372544351.1,3789479267.0,69064053.16,,,,3381606.84,,473019219.3,,7039905718.0,13809074.43,16463254.35,14433040659.0,,143068893.4,,,45288571.43,,851761131.2,1491037.42,,,,,81754883.09,,1490001533.0,31328830.88,94106330.45,523793700.0,3262594911.0,17695635570.0,2005650000.0,,,,,742791359.6,3461614374.0,297162079.5,,,34883131.25,449304321.6,69367978.02,8715764.41,901057395.9,,,,,566500891.4,,1149959000.0,9687006295.0,68000000.0,1494137374.0,,,,5641855.76,40317773.93,,1608097004.0,11295103299.0,1008711947.0,1726271695.0,,,354475366.0,,3161014630.0,,6250473638.0,150058632.3,6400532270.0,17695635570.0,,,,,,,54796131.03,,,-1636627787.0,2795009900.0,,367756570.9,,191898.0,576300000.0,130452838.3,,,232460000.0,51241985.85,2832202720.0,855908405.5,,4323535672.0,1490913.21,4915673489.0,,,759054519.9,-562155308.8,191898.0,-324.0,266850429.4,,,264780599.2,,,4547916918.0,590646903.7,1687869773.0,,,,,1899361675.0,80559.81,706716231.0,2708610111.0,2146454802.0,1892380.51,120055252.6,2925654636.0,,592955363.0,2218938405.0,,51161426.04,,594056747.7,0.24,-371370.97,5380677760.0,,,5380677760.0,710773969.9,39302.14,0.24,694094524.2,50241246.31,601967096.4,,,600079402.8,,601967096.4,,,,-371370.97,,,226299570.4,,,11910306.38,3639422197.0,600079402.8,,164281796.6,1318808.55,,,-1887693.57,,110694567.1,17998254.26,-1887693.57,,4686211865.0,,,,,,,,,,,,,,,,,,,,,,,,,,,,,,,,,,,,,,,,,,,,,,,,,,,,,,,,,,,,,,,,,,,,,,,,,,,,,,,,,,,,,,,,,,,,,,,,,,,,,,,,,,,,,,,,,,,,,,,,,,,,,,,,,,,,,,,,,,,,,,,,,,,,,,,,,,,,,,,,,,,,,,,,0
2313574,5,5,4,3,A,12,1,CHAS_2007,CNY,496469800.4,,,,30206119.96,754320779.2,138542859.2,,,,,,48270086.24,,630886325.1,,16829392.64,2115525363.0,,,,,104825288.4,,36867963.87,596403478.8,,,,,332424136.5,,,13311037.54,11694996.59,17835900.88,1113362802.0,3228888165.0,488080000.0,,,,,260983581.1,796026789.1,131020076.9,,,21971302.36,47620519.3,6520459.61,,25380427.22,,,,,92792800.46,,,1870395956.0,80885500.0,98685485.49,41627479.98,,70279666.16,1267348.59,,,292745480.2,2163141436.0,360000000.0,86768195.08,,,27931977.9,,276235634.8,,752358791.2,313387937.8,1065746729.0,3228888165.0,1422983.34,,,,,,10446751.0,,,-292662989.3,642870933.3,,-439167405.1,,316860000.0,63940500.0,25000000.0,,,,6000.0,1022162089.0,432985893.9,,1133651231.0,1310735.54,1338317314.0,,,,-39812715.84,316860000.0,52386.92,71823617.42,,,33229490.73,,,1777484719.0,203355347.2,292668989.3,,98000000.0,,,347089400.0,6000.0,691965291.6,445497085.1,405684369.3,,228728489.3,1082730933.0,,250513118.9,390765641.7,,,,137683573.0,0.35,-1629249.97,1991074172.0,,,1991074172.0,143617671.0,135049.89,0.35,135757827.0,32175890.48,126025518.6,1803224.15,,121344020.3,,124222294.4,,,,-1629249.97,,,22746660.84,,,177394706.7,1469618420.0,119540796.2,,14067844.32,1053050.19,,,-4681498.25,,24076874.82,8912894.2,-4681498.25,,1853687095.0,,,,,,,,,,,,,,,,,,,,,,,,,,,,,,,,,,,,,,,,,,,,,,,,,,,,,,,,,,,,,,,,,,,,,,,,,,,,,,,,,,,,,,,,,,,,,,,,,,,,,,,,,,,,,,,,,,,,,,,,,,,,,,,,,,,,,,,,,,,,,,,,,,,,,,,,,,,,,,,,,,,,,,,,0
2435283,7,7,3,3,A,12,1,CHAS_2007,CNY,177616719.1,0.0,0.0,0.0,147896246.0,924706411.9,217267271.7,0.0,0.0,0.0,0.0,0.0,64369548.78,0.0,405026727.6,0.0,171665419.0,2108548344.0,0.0,0.0,0.0,0.0,45498122.05,28055876.42,374440990.5,277399203.3,0.0,0.0,0.0,0.0,120814428.5,0.0,77020301.29,1242843.85,19360485.4,186331809.2,1130164060.0,3238712404.0,395060000.0,0.0,0.0,0.0,0.0,108991259.6,417499618.7,212440392.5,0.0,0.0,12360082.91,91545154.59,0.0,1540000.0,115834376.2,0.0,0.0,0.0,0.0,17272234.24,,0.0,1372543119.0,135850295.6,0.0,,0.0,0.0,29187268.98,7641715.33,0.0,172679279.9,1545222399.0,712800000.0,481216702.7,0.0,0.0,38167813.42,0.0,211631954.3,,1443816470.0,249673535.3,1693490006.0,3238712404.0,0.0,0.0,0.0,0.0,0.0,0.0,,,,-254716636.7,697500000.0,,-120802809.0,,,218342439.9,3000000.0,,,,79070893.55,466102604.6,80828527.4,69400000.0,565368824.3,326235.49,579562870.6,,649590.44,49944107.75,-100843777.6,,-1.3,57038091.94,,,26083759.71,9000000.0,,700365679.6,13867810.76,333787530.2,,,,,399740570.9,21303.11,274675669.4,216070519.4,115226741.8,,65500982.53,700500000.0,,96396455.63,425824330.6,,,,117646047.5,0.01,-1877.95,998642626.0,,,998642626.0,19333756.12,7892.42,0.01,12850597.32,55806227.72,3927800.28,,,3401717.59,,3927800.28,,,,648064.0,,,15755567.3,,,40292936.65,748686902.1,3401717.59,,8252411.41,324126.18,,,-526082.69,,15932038.53,6807284.98,-526082.69,,986440092.7,,,,,,,,,,,,,,,,,,,,,,,,,,,,,,,,,,,,,,,,,,,,,,,,,,,,,,,,,,,,,,,,,,,,,,,,,,,,,,,,,,,,,,,,,,,,,,,,,,,,,,,,,,,,,,,,,,,,,,,,,,,,,,,,,,,,,,,,,,,,,,,,,,,,,,,,,,,,,,,,,,,,,,,,0
2548378,6,6,4,3,A,12,1,CHAS_2007,CNY,1377863471.0,,,,283946661.2,1253542600.0,345180077.8,,,,,,42502988.95,,824697706.2,1750000.0,18914709.52,4148398214.0,,7324000.0,,,125769665.6,,618052656.1,21269179.72,,43441.93,,,44535964.17,,,27909225.01,50087133.15,24500000.0,919491265.7,5067889480.0,148500000.0,,,,,826120805.2,1224474517.0,1059514565.0,,,34677424.88,38310462.4,305533.34,377357.45,19014928.88,,,,,,,,3351295594.0,,,,,19159558.56,35470455.53,,749996.98,55380011.07,3406675605.0,256000000.0,89559918.95,,,182399895.2,,924620353.0,,1452580167.0,208633707.9,1661213875.0,5067889480.0,,,,,,,,,,9624039.47,199500000.0,,608191185.2,,,2000000.0,,,,180300000.0,219110173.1,1613686610.0,193173980.8,,2799932900.0,26866028.92,2881825813.0,,10399697.54,,415427766.2,,544594.07,193041414.8,,,144432052.5,206625000.0,,2273634628.0,55026884.51,209486133.6,,,,,258000000.0,2085475.52,-202932052.5,559468888.3,974896654.5,116559250.0,27186133.59,199500000.0,,273732622.1,402432052.5,,,,342399473.8,,9161109.77,3398710193.0,,,3398710193.0,201208303.9,1460469.41,0.44,181668368.1,36340620.58,111455597.4,,,165686723.1,,111455597.4,,,,11560807.31,,,-19984958.76,-57000.0,,98942203.94,2753024345.0,165686723.1,,17823948.54,5619344.16,,,54231125.67,,35521580.76,25159279.94,54231125.67,,3228545633.0,11267159.29,-30404079.36,9669678.57,182081730.5,10400000.0,355480796.8,273026466.6,-4392569.41,53701155.0,-9128066.41,36720257.6,623352772.1,-82454330.2,-369105815.7,25453098.31,11377749.04,53701155.0,1654561.78,791537372.3,-40024054.01,328409843.3,13181126.9,84200140.94,0.9418,-1.2908,85.6113,95.8074,148.8123,-1.2908,-93.5793,11.1221,-0.6643,31.4175,1.0727,3.2666,21.9049,0.5976,-0.7203,108.2386,107.6923,114.883,112.7323,21.9049,107.6923,84.0754,78.4091,108.1893,0.5977,112.1956,1.1307,84.0498,,0.577461,,25.0181,,,2.771057,,,1.380857,0.33365500000000003,,,0.360873,,,,2.1794580000000003,,,,,,2.507662,,,,,0.0087,-0.0862,-0.7948,-0.0141,1.3426,0.0243,1.469,-0.8736,0.015,1.0905,-0.4309,0.0788,1.0905,-0.0655,1.2638,0.8353,1.6291,-1.34,0.6,1.1409,-1.3381,0.5941,16.6269,1.2214,0.5959,74.9819,13.8367,,86.185,0.1984,39.9134,3.6585,1.0569,1.3337,57.573,63.3476,,0.748,6.7844,13.9916,7.8642,23.9612,0.552,16.1684,69.3266,33.3743,33.2421,-37.51,60.0866,5.3519,1.1421,2.2468,83.3731,6.3585,15.9314,2.2468,14.1782,-45.696000000000005,1.3794,0.568,118.3629,-110.6472,-0.8674,27.3331,100.0,0.5943,1.6291,100.8674,,1.8982,0.0754,9.0048,7.2511,0.4208,0.2691,2.2249,72.6669,98.5243,3.2545,0.853,163.87900000000002,5.5084,1.5357,1.5217,110.6178,65.3546,0.5128,3.6539,0
2582736,5,5,4,3,A,12,1,CHAS_2007,CNY,57953212.42,,,,2500000.0,33582236.92,1461405.03,,,,25139.74,,73815816.75,,24056260.04,12451254.1,14988223.59,220833548.6,,,,460413537.8,,,50578902.34,4637252.48,,,,,38432354.41,,,91298.04,819244.25,50000.0,555022589.3,775856137.9,,,,,,4000000.0,42408471.33,11734492.7,,,2853504.87,12158016.16,366571.84,,25350188.5,,,,,40012520.16,,,138883765.6,140880000.0,,6683372.44,,34135732.35,14410911.69,4877383.52,,200987400.0,339871165.6,80000000.0,242208948.2,,,1494827.46,,76820801.96,,400524577.6,35460394.75,435984972.4,775856137.9,,,,,,,233436568.1,,,-39444767.51,110000000.0,,-68900623.77,,240000000.0,47000000.0,16000000.0,,,,20639489.37,119389302.9,74810378.2,,147764043.4,2127741.47,152856749.9,,591297.0,,13132910.64,,,16073239.11,,,4365129.97,10470932.37,,221757373.6,2964964.95,60084256.88,,,,,6720000.0,9577260.0,121478301.9,40820301.78,53953212.42,,13084256.88,366000000.0,,11484453.41,244521698.1,,,,14500113.14,,,147838346.8,,,147838346.8,44800284.89,716.37,0.5,42083676.69,-1205554.1,32818200.96,,,34659758.59,,32818200.96,,,,279593.88,,,9530651.0,,,720659.08,80830588.44,34659758.59,,1657806.45,69610.37,,,1841557.63,,10140526.3,2786218.57,1841557.63,,106034264.0,,,,,,,,,,,,,,,,,,,,,,,,,,,,,,,,,,,,,,,,,,,,,,,,,,,,,,,,,,,,,,,,,,,,,,,,,,,,,,,,,,,,,,,,,,,,,,,,,,,,,,,,,,,,,,,,,,,,,,,,,,,,,,,,,,,,,,,,,,,,,,,,,,,,,,,,,,,,,,,,,,,,,,,,0
2814749,5,5,4,3,A,12,1,CHAS_2007,CNY,111953810.4,,,,,14982967.15,9098510.75,,,,,,40930205.04,,133563832.9,,440030003.4,750559329.6,,,,,34517790.3,32784974.67,220439126.2,45484859.55,241542.0,,,,57028199.84,,273725.14,2916236.51,10615996.4,2127885.0,406430335.6,1156989665.0,180000000.0,,,,,,39346435.78,13782209.68,,,23886532.18,6527212.13,,660736.54,42761692.6,,,,,,,,306964818.9,,,,3500000.0,,13667185.0,,,17807347.01,324772165.9,236747901.0,394706597.0,,,36392807.5,,118835845.1,,786683150.6,45534348.67,832217499.3,1156989665.0,,,,,,,23390000.0,,,-398034777.8,260000000.0,,-110460132.9,,367320000.0,441402950.0,23500000.0,,,,105480616.2,752253351.9,45256585.08,45000000.0,750347434.1,,760094193.8,,8289074.2,25213206.79,34779895.96,,,14650297.0,,,4155193.35,,,870554326.7,9746759.67,503515394.0,,,,,80000000.0,52191542.02,543274806.7,74238317.57,109018213.5,,36899237.22,650820000.0,,58394092.65,107545193.4,,,,42253132.74,0.047,-635541.22,760402742.4,,,760402742.4,10698181.44,13898847.05,0.047,-34051852.78,-171467.33,10824906.05,,,8604700.84,,10824906.05,,,,7653532.98,,,3231455.88,,,38852782.45,711999710.4,8604700.84,,5942513.98,14047616.85,,,-2220205.21,,2093480.6,58797651.07,-2220205.21,,802108128.2,1078665677.0,-4666605.79,1078547803.0,145126363.7,,-80614740.35,-90360899.49,135857.8,4900000.0,,,118525630.3,-9746159.14,-877788949.9,,44514766.54,4900000.0,1248.13,339475253.8,233394.35,32247533.04,,3943996.69,,-47.4429,19.5062,125.5932,-3442.7523,-47.4429,-10.4752,112.9743,-0.9652,61.6479,405.9078,-32.4805,,106.7944,1013.1477,,,,,,,,,,112.23,,124.4772,,,0.097624,,30.958701,-0.031176,-0.012453,1.117907,,,0.184473,0.448408,0.479907,-0.012453,0.8945280000000001,24.188904,2.989012,-0.9545399999999999,0.233974,,,0.297619,-0.031176,12.161266,0.462663,0.790032,,34.227669,0.297619,4.5125,0.001,-3.6689999999999996,-0.0196,3.4654,4.5086,0.701,-3.7644,0.1866,0.0412,0.0602,0.0954,0.0412,-0.0195,3.37,,10940.0667,,,,,643.7084,40.0053,,,69.0413,3.0223,,49.4044,2.795,85.6766,1.0111,,1.4484,247.55599999999998,24.4584,,1.5325,1.4434,5.3211,7.0799,30.9587,8.2577,1.2542,34.609,6.6544,5.2509,-181.1362,14.3234,2.1558,5.4493,451.5285,59.9947,11.442,32.0097,451.5285,0.0109,0.0126,452.9066,0.0127,4.1268,,1.3781,95.8606,100.0,11887.7199,10940.0667,98.6219,,10941.2623,1399.3642,20.5551,,1.1682,1.1956,10941.275,4.1394,221.9326,0.3823,0.142,2310.1876,0.2873,0.3874,0.3057,1569.4714,2088.255,0.0203,1.6221,0
2867041,5,5,4,3,A,12,1,CHAS_2007,CNY,2539442322.0,,,1464512.4,7764661.0,2440567004.0,320945083.0,,,,,,182150911.3,,430706543.9,,28765715.63,5951806754.0,,,,22481391.92,140475541.6,,976295417.8,6224631920.0,,,,,1926047629.0,,362643907.3,27185298.08,46770489.79,170358860.4,9896890456.0,15848697209.0,699199849.0,,,,,387496404.4,1753267313.0,186898138.9,,,43257914.32,240521150.5,47228878.17,17994.52,280890949.2,,,,,524820000.0,,3157884917.0,7321483509.0,574291819.0,1500000000.0,,91019270.0,,78227504.56,,,2243538594.0,9565022102.0,846536940.0,2064944352.0,,,341636507.2,,2876047290.0,,6129203136.0,154471970.8,6283675107.0,15848697209.0,38047.33,,,,,,201773319.5,,,-1661113997.0,1189678744.0,,179081870.3,,51808074.81,70000000.0,12950000.0,,,68737577.4,48437502.89,2314449028.0,338236348.6,,3392122052.0,8323438.03,3544971304.0,,1063601.22,314885383.3,1316271630.0,1480000.0,6938.92,310778534.7,,,327425999.9,47281127.47,,3365889434.0,144525813.9,1709551500.0,,4400000000.0,,,2326940682.0,92774.2,2798296818.0,1041687373.0,2357959003.0,,1255928540.0,5654436819.0,,402425522.2,2856140001.0,,,,484455486.4,1.094,7595025.11,6340587190.0,,,6340587190.0,1109493759.0,131245.65,1.101,1049233743.0,17268488.87,930799632.9,60055.65,,934820882.9,,930739577.2,,,,8658626.33,,,266077969.8,196935.0,,58253411.91,4404209792.0,934760827.2,,69943858.95,784416.62,,,4021250.02,,174732931.6,61044432.15,4021250.02,,5300209008.0,758538697.9,107882249.4,275159216.2,2367127363.0,321391292.6,-3283215597.0,6731233863.0,-388248475.4,11804983919.0,-351656297.1,1633031924.0,3486858188.0,12517829460.0,-342766214.7,874493226.6,274416407.0,14308363919.0,581402279.3,20620488944.0,180107910.8,10032776286.0,377610604.5,1646392938.0,0.745,1.9648,2204.1516,115.9713,-286.7089,1.9648,-977.8816,720.7966,4.7756,0.8554,0.2858,-2810.1632,-9.2123,-4.9613,-6.2796,-64.5756,-65.3846,-16.8341,-50.2686,-9.2123,-65.3846,-75.0475,-1282.172,-62.7268,-4.9614,-191.3599,-7.3069,-75.0476,0.114131,0.126342,2.9356720000000003,72.919804,0.065491,0.016937999999999998,0.30841199999999996,0.096078,2.69358,0.183449,2.692735,0.088925,0.014122999999999998,3.2424169999999997,0.243694,0.151676,0.077797,0.303757,-0.860367,1.25116,-0.006697,0.078545,0.27855100000000005,0.768333,0.20514699999999997,0.394065,0.36636199999999997,-0.008032,0.0183,0.1272,-0.242,0.7859,3.4193,0.5355,3.701,-0.5561,-0.0804,39.9997,-0.027999999999999997,0.3141,39.9997,0.0762,3.1053,0.2667,0.1134,,0.48,3.1488,-6.7084,0.4951,2.906,1.3346,0.4825,27.0802,7.6817,,25.4215,2.5044,53.2846,42.0962,12.1188,3.6927,236.9328,14.9593,10.74,3.2129,69.3891,7.6874,28.2467,60.801,0.6946,2.0792,22.4893,43.0425,32.827,-1.4705,46.7154,3.6381,0.2281,0.4844,97.094,0.6278,3.2476,0.366,63.7251,-219.1805,-0.2009,1.5332,154.9181,-547.2732,-0.6853,164.2624,100.0,0.528,0.1134,100.6853,0.1183,0.3127,0.0144,1.0866,2.8824,0.1155,0.1992,1.3389,-64.2624,3.4912,20.854,4.8683,51.8291,7.4476,7.2474,5.6643,17.2629,48.3379,2.3518,103.1164,0
2918873,5,5,4,3,A,12,1,CHAS_2007,CNY,427792767.3,,,,,361257.42,9729917.06,,,,1563412.51,,4261000.37,,7697451.51,,6439153.63,457844959.8,,,,,,8648794.38,185463769.5,157201948.7,,,,,93121352.09,,,465994.79,2673008.99,,447574868.4,905419828.3,,,,,,,1217588.12,417768.67,,,29295159.11,3081763.73,,,5663141.94,,,,,,,463466.08,40138887.65,,,,,,5392462.12,,,5392462.12,45531349.77,266670000.0,285558450.6,,7462642.31,38335719.73,,261861665.8,,859888478.5,,859888478.5,905419828.3,,,,,,,,,,-121758913.0,,,109974574.3,,,,,,,,1820827.0,52450585.95,20572988.28,,317870236.3,4006207.95,332563836.0,,,,-35784638.72,,,62673363.1,,,24000300.0,1820827.0,,222589261.8,10687391.78,123579740.0,,,,,,,-24000300.0,463344434.0,427559795.3,,123579740.0,,,86892324.42,24000300.0,,,,31103085.11,0.38,,318529754.9,,,318529754.9,136856840.3,,0.38,135286026.2,150379.75,100555891.6,,,100555891.6,,100555891.6,,,,,,,-9698219.58,,,6950209.47,136983201.3,100555891.6,,17755072.62,50000.0,,,,,36300948.7,1620814.11,,,183243728.7,,,,,,,,,,,,,,,,,,,,,,,,,,,,,,,,,,,,,,,,,,,,,,,,,,,,,,,,,,,,,,,,,,,,,,,,,,,,,,,,,,,,,,,,,,,,,,,,,,,,,,,,,,,,,,,,,,,,,,,,,,,,,,,,,,,,,,,,,,,,,,,,,,,,,,,,,,,,,,,,,,,,,,,,0
2952705,5,5,4,3,A,12,1,CHAS_2007,CNY,161502405.2,,,,3000000.0,251457376.0,122977093.6,,,,,,55626165.82,,72683659.45,317825486.9,2000000.0,987072187.0,,50000000.0,,575070014.1,,,81265555.75,14233423.52,,,,,34716657.91,,,,13772083.79,11920000.0,780977735.1,1768049922.0,389671001.5,,,,,10985000.0,480140184.1,122203.1,,,28411.36,32470165.36,687103.14,,7973276.91,,,,,75921759.82,,,997999105.3,70000000.0,,,,3124300.18,4885166.62,,,78009466.8,1076008572.0,373520000.0,17462807.4,,5761170.91,31984250.85,,243224231.9,,671952461.1,20088888.9,692041350.0,1768049922.0,,,,,,,,,,-82252521.1,533607449.1,,-132460929.1,,14202000.0,63920000.0,,,,,100.0,243171090.5,109283525.9,,263297358.3,,282389736.7,,,,39919294.13,14202000.0,56029.83,41663281.49,,,30155981.54,,,414850665.8,19092378.34,82252621.1,,,,,263076753.1,100.0,254576714.5,68647024.73,108566318.9,,18332621.1,547809449.1,,20732767.88,293232734.6,,,,38195223.61,0.2064,,679267359.3,,,679267359.3,100395657.3,2377.6,0.2064,95659111.22,14614070.4,77102596.49,,,76209009.13,,77102596.49,,,,9453658.44,,,21968281.6,,,21669618.72,492923271.0,76209009.13,,3691441.19,1359203.27,,,-893587.36,,24186648.2,6095749.38,-893587.36,,593061906.5,,,,,,,,,,,,,,,,,,,,,,,,,,,,,,,,,,,,,,,,,,,,,,,,,,,,,,,,,,,,,,,,,,,,,,,,,,,,,,,,,,,,,,,,,,,,,,,,,,,,,,,,,,,,,,,,,,,,,,,,,,,,,,,,,,,,,,,,,,,,,,,,,,,,,,,,,,,,,,,,,,,,,,,,0
2965595,5,5,4,3,A,12,1,CHAS_2007,CNY,122079545.3,,,,30739741.2,382396253.1,7379932.61,,,,,,20071042.09,,153648292.6,,,716314806.9,,,,,15285589.52,,130115263.0,5670159.79,,,,,14369271.9,,,,7505148.88,,172945433.1,889260239.9,178800000.0,,,,,26070438.57,229640633.3,60800480.46,,,18201741.38,24029752.33,377959.39,,2082863.66,,,,,10000000.0,,,550003869.0,25000000.0,,,,,1122372.5,773854.41,,26896226.91,576900096.0,151500000.0,14701324.42,,,29369603.62,,116789216.0,,312360144.0,,312360144.0,889260239.9,,,,,,,,,,-30783500.62,213800000.0,,85577936.53,,,15200000.0,,,,,,347014216.4,116581838.7,,609969557.5,625419.97,694122313.7,,,,66913806.71,,,44846433.12,,,12880629.2,,,608544377.1,83527336.18,30783500.62,,,,,188800000.0,,12119370.8,45495899.58,112409706.3,,15583500.62,213800000.0,,100101888.9,201680629.2,,,,83560066.1,0.22,85589.52,576173416.4,,,576173416.4,39555999.58,303279.93,0.22,37108578.89,16419614.04,34006816.55,,,34006816.55,,34006816.55,,,,85589.52,,,13476489.94,,,30400499.4,391041430.5,34006816.55,,4252327.12,1871941.96,,,,,5549183.03,4319362.65,,,539150427.1,,,,,,,,,,,,,,,,,,,,,,,,,,,,,,,,,,,,,,,,,,,,,,,,,,,,,,,,,,,,,,,,,,,,,,,,,,,,,,,,,,,,,,,,,,,,,,,,,,,,,,,,,,,,,,,,,,,,,,,,,,,,,,,,,,,,,,,,,,,,,,,,,,,,,,,,,,,,,,,,,,,,,,,,0
3091264,5,5,4,3,A,12,1,CHAS_2007,CNY,716845329.0,,,,,52445886.65,20749778.51,,,,,,22000794.24,,770513808.1,,292248117.2,1874803714.0,,54133923.77,,,10846303.64,4788332.23,1885913233.0,6211878.52,,,,,78043444.37,,,71252353.31,44011140.89,6706685.55,2161907295.0,4036711009.0,,,,,,,185521909.6,88282677.21,,,57423755.01,89285660.31,1849808.22,40927353.9,230554096.7,,,,,,,300000000.0,993845260.9,2624580.0,,6863845.05,,,23735414.18,,,33223839.23,1027069100.0,498200000.0,593646312.6,,,273485647.5,,1611944466.0,,2977276426.0,32365482.43,3009641909.0,4036711009.0,,,,,,,34309201.39,,,-417527546.1,490000000.0,,635203955.7,,488661300.0,273140000.0,,,,335996.11,8842355.33,506464010.7,394522100.6,,1645714022.0,,2017850914.0,,6062400.0,3405127.58,422574336.8,,-12025.96,212533372.6,,,49442145.42,2761729.71,,1382646959.0,372136892.2,426369901.4,,,,,690000000.0,18225.62,204909953.2,294270992.2,716845329.0,,149488777.7,978661300.0,,269127474.7,773751346.8,,,,276867658.7,,-1630382.44,1664622272.0,,,1664622272.0,432738362.8,4929217.26,0.41,427609968.6,4575407.02,295790789.3,,,312223601.4,,295790789.3,,,,4373098.89,,,22247770.59,,,21899462.09,834365890.2,312223601.4,,81429213.48,5118590.55,,,16432812.06,,120514761.4,10246984.8,16432812.06,,1241385402.0,,,,,,,,63407000000.0,,57045000000.0,,331000000000.0,,197000000000.0,,10841000000.0,,,,,,651000000.0,,,198.7482,-226.0744,,627.0868,198.7482,539.3007,75.9771,7.3136,,,243.606,21.4683,14.7587,15.7053,3.1926,3.1532,2.2443,3.513,21.4683,3.1532,47.1197,2.986,-10.0786,14.7587,2.0325,14.8219,47.1201,,,,93.392521,0.078311,,0.070563,,,,14.134366,,0.0056359999999999995,14.171660000000001,,,,,,,0.014521000000000001,,,,0.06478099999999999,,,,2.2877,,7.8231,15.8772,4.0259,,14.31,6.4746,2.944,7.9886,6.5176,1.3485,7.9886,,2.6774,1.1368,28.7972,16.9,17.09,,15.8104,15.9909,36.8529,,17.0898,6.6075,10.673,4.5938,,,,,,15.1344,1517.4299,6.05,,,,,,,,,6.5901,,0.5628,3.6036,,0.0657,29.4166,5.1591,63.1471,,,3.3156,22.7241,85.0491,36.8529,,13.8441,98.3229,31.6939,1.1068,100.0,0.4815,28.7972,63.1471,0.6532,37.2654,0.069,27.666999999999998,,5.921,8.4682,,98.8932,,,,,,,,,,,,0
3266788,5,5,4,3,A,12,1,CHAS_2007,CNY,542149005.0,,,339734.14,,20738426.49,6745391.02,,,,,,116406521.3,,149350364.9,,305679.2,836035122.0,,,,,75244019.94,1766989.47,1286493649.0,41576845.08,,,,,184189392.3,,,42042808.17,1157485.46,,1632471189.0,2468506311.0,52000000.0,,,,,,33588577.63,29730786.29,,,76218356.9,10841652.52,4828888.88,,103344704.4,,,,,,,1079535.65,311632502.2,,197367712.5,7091216.09,,,2641666.67,,,207100595.3,518733097.5,526913102.0,427143841.1,,,151784351.5,,806563829.7,,1912405124.0,37368089.29,1949773214.0,2468506311.0,,,,,,,7000000.0,,,-265458538.5,200000000.0,,269264436.5,,,200000.0,,,,68000000.0,32115967.54,450623781.5,79533657.39,226000.0,1073313711.0,,1077078541.0,,,,26819501.43,,,98347437.25,,,55786396.53,11886617.54,,807814105.0,3764830.48,297574506.0,,198800000.0,,,313000000.0,20003350.0,23013603.47,515329503.6,542149005.0,,229374506.0,398800000.0,,179309228.9,375786396.5,,,,133366309.7,0.3724,-9211310.86,1065500332.0,,,1065500332.0,229874099.1,819611.25,0.3724,165824579.4,4341782.67,196248208.2,,,190938776.6,,196248208.2,,,,-9156219.92,,,8076072.59,28977.2,,65862038.46,632116266.6,190938776.6,,46786039.56,1808974.57,,,-5309431.55,,38935322.46,65858494.2,-5309431.55,,890548509.6,-263827427.8,-94732188.36,-249629123.8,1315454238.0,61895922.35,1049105881.0,825516134.1,-302833881.6,0.0,,,1644826620.0,-223589747.3,184538594.9,,11327218.07,0.0,-1385318.42,1870246178.0,-211693199.5,654655088.4,,191011975.7,,-2.3538,36.0283,56.6003,11.6977,-2.3538,12.1523,50.9916,-1.0908,53.3698,10.4875,12.9802,-26.6589,-3.2575,-14.5015,-624.9246,-633.3333,-746.8626,-624.9246,-26.6589,-633.3333,39.9684,,-721.2926,-11.7324,-389.74,-11.7324,34.1414,,0.169972,,42.411372,-0.025719,-0.101677,1.357858,,,1.011058,0.7364539999999999,0.158436,-0.097107,0.7364539999999999,,,,1.3265959999999999,0.058999,,-0.21164299999999997,-0.026930000000000003,7.3564490000000005,1.7975240000000001,1.1941959999999998,-0.572327,,-0.221602,-0.4572,-0.3894,0.3394,-0.0652,2.3222,-0.4853,3.4401,0.1178,-0.5362,2.7683,-0.502,0.2216,2.7683,-0.1742,2.1006,-7.0562,-16.5173,,,-7.4887,,-13.2918,12.6916,-12.1039,-12.4635,57.5886,6.8848,,100.0,,27.1905,,1.9059,1.7365,47.215,50.6475,,0.7883,0.0,30.320999999999998,19.0752,40.5055,4.8602,24.733,57.5886,20.1581,18.6439,5.6823,72.8095,5.7094,7.3718,0.7526,97.624,17.2991,27.741999999999997,0.7526,3.0059,108.7652,-32.55,-0.0617,-2.458,109.0369,-33.3027,-6.3071,100.0,1.9729,-29.6985,133.3027,,-30.6189,0.0418,10.5045,-26.4261,0.5649,-0.9204,-30.7109,106.3071,214.9674,1.2545,0.5703,399.7486,1.9482,2.4419999999999997,2.2599,286.961,184.7812,0.4272,1.6747,0
3381773,5,5,4,3,A,12,1,CHAS_2007,CNY,811894728.4,,,,,216238110.1,1215194.13,,,,,,17936833.35,,55645440.84,,,1102930307.0,,,,599991628.0,,,26731234.51,583333.0,,,,,227413.99,,2810165.42,,3127914.19,1582000.0,635053689.1,1737983996.0,303000000.0,,,,,,213798605.6,,,,24072221.72,33192591.38,,,805892.95,,,,,63000000.0,,,637869311.6,74000000.0,,,,,,,,74000000.0,711869311.6,66700000.0,539874637.7,,,33350000.0,,385664982.3,,1025589620.0,525064.23,1026114684.0,1737983996.0,,,,,,,,,,16196354.69,428000000.0,,-143201809.5,,500745650.0,,,,,,20012714.66,338875240.0,25527882.19,,327370846.6,,331092350.7,,,,521115873.4,,,29476759.72,,,22624321.77,20000000.0,,474294160.3,3721504.19,3816359.97,,,,,258000000.0,12714.66,648121328.2,290778855.0,811894728.4,,3816359.97,928745650.0,,80414278.31,280624321.8,,,,54034962.47,0.736,,580346645.3,,,580346645.3,129945890.2,33700.99,0.736,130918979.2,1385374.92,110402777.3,,,110249114.1,,110402777.3,,,,,,,2058574.19,,,,373410908.6,110249114.1,,18537845.97,1267372.44,,,-153663.28,,19696776.13,294283.48,-153663.28,,449427666.2,,,,,,,,,,,,,,,,,,,,,,,,,,,,,,,,,,,,,,,,,,,,,,,,,,,,,,,,,,,,,,,,,,,,,,,,,,,,,,,,,,,,,,,,,,,,,,,,,,,,,,,,,,,,,,,,,,,,,,,,,,,,,,,,,,,,,,,,,,,,,,,,,,,,,,,,,,,,,,,,,,,,,,,,0
3479316,5,5,4,3,A,12,1,CHAS_2007,CNY,446791840.3,,,,1850000.0,422161589.9,30535472.36,,,,,,101155800.4,,1418043502.0,,,2420538204.0,,7373000.0,,202214652.0,1955026.24,28443084.65,582162214.5,20036580.9,,,,,362897262.7,,299357694.9,111373109.5,13108484.44,9813230.0,1638734340.0,4059272544.0,60000000.0,,,,,9716920.0,711650055.0,98235867.61,,,34229791.14,101686918.0,14445583.33,15472535.01,255440456.6,,,,,264553856.7,,,1565431983.0,8500000.0,395921693.0,50624898.07,,,231308.1,,,455277899.2,2020709882.0,730792576.0,590067665.3,,5720972.01,76502553.59,,291233738.5,,1694317505.0,344245156.4,2038562662.0,4059272544.0,,,,,,,5598780.15,,,-226623665.0,245000000.0,,89697621.65,,,,,,,,1198850.14,725204037.9,295979851.4,,1146222383.0,,1402609736.0,,247500.0,128400000.0,-44071427.83,,5.63,95988465.03,,,37046610.01,,,1312912114.0,256387352.9,227822515.1,,400000000.0,,,509500000.0,516780.0,92854609.84,490863268.1,446791840.3,3675353.25,99422515.09,645000000.0,,195739759.8,552145390.2,,434570.14,,127947965.1,0.1118,,1426497461.0,,,1426497461.0,133788747.4,6871094.48,0.1118,133148163.2,39529524.05,81728544.63,,,106325091.9,,81728544.63,,,,2779746.93,,,26743694.17,,,64293059.92,956847316.2,106325091.9,,80767485.4,8747421.73,,,24596547.29,,27463655.43,9388005.88,24596547.29,,1296129045.0,,,,,,,,,,,,,,,,,,,,,,,,,,,,,,,,,,,,,,,,,,,,,,,,,,,,,,,,,,,,,,,,,,,,,,,,,,,,,,,,,,,,,,,,,,,,,,,,,,,,,,,,,,,,,,,,,,,,,,,,,,,,,,,,,,,,,,,,,,,,,,,,,,,,,,,,,,,,,,,,,,,,,,,,0
3507760,5,5,4,3,A,12,1,CHAS_2007,CNY,519812892.3,,,,166977968.7,1070198000.0,223318678.5,,,,,,110455551.0,,558827585.6,,130835708.7,2780426385.0,,,,,51309489.24,,2037683401.0,1463603862.0,20170194.28,,,,90835293.63,66218573.81,,600877.96,30590185.33,,3761011877.0,6541438262.0,713202800.0,,,,,87794912.59,680338072.6,146636535.6,,,55119070.58,201937476.4,1801138.59,,253001058.1,,,,,464353046.9,,2222222.22,2606406334.0,426875000.0,,282963619.8,,,186528720.0,,10920000.0,907287339.8,3513693673.0,1065600000.0,704966319.0,,,146263886.4,,974417235.1,,2891736261.0,136008327.5,3027744589.0,6541438262.0,488820.6,,,,,,,,,-544691704.0,1615002800.0,,94229981.82,,8000000.0,153000000.0,,,,7856564.22,201979676.2,730116015.6,211899164.3,100000000.0,1294371983.0,11130100.52,1372635128.0,,335616.44,,-2112130.18,8000000.0,9618658.57,164455233.8,,,193376866.6,39317973.12,,1278405146.0,67133044.35,746671380.1,,,,,990895000.0,147931.2,438730933.4,447954073.4,445841943.2,,585814815.9,1623002800.0,,171934732.2,1184271867.0,,62178155.39,,152936872.6,0.47,-1690510.76,2267800223.0,,,2267800223.0,586639306.4,228180.22,0.47,580505333.8,41764017.83,507696750.0,379025.01,,517979276.3,,507317725.0,,,,-3249328.09,,,25094712.08,,,63579090.43,1383533749.0,517600251.3,,17137119.59,728391.07,,,10282526.32,,69039055.08,6862363.69,10282526.32,,1684045561.0,,,,,,,,,,,,,,,,,,,,,,,,,,,,,,,,,,,,,,,,,,,,,,,,,,,,,,,,,,,,,,,,,,,,,,,,,,,,,,,,,,,,,,,,,,,,,,,,,,,,,,,,,,,,,,,,,,,,,,,,,,,,,,,,,,,,,,,,,,,,,,,,,,,,,,,,,,,,,,,,,,,,,,,,0
3536030,5,5,4,3,A,12,1,CHAS_2007,CNY,361007984.2,,,,,631488291.2,7416624.47,,,,,,33519551.75,,4832326891.0,,,5865759343.0,,,,,,,287322036.5,,,,,,36993073.16,,,191661.5,92091794.52,19957498.32,436556064.0,6302315407.0,395000000.0,,,,,,307457262.4,25802104.45,,,951493.56,6869060.67,80967213.12,,36678810.15,,,,,400000000.0,,,1253725944.0,270000000.0,1492323289.0,,,,41958171.83,,,1804281461.0,3058007405.0,824791293.0,31993712.18,,,196783187.0,,2190739810.0,,3244308002.0,,3244308002.0,6302315407.0,,,,,,,,,,28222052.83,765000000.0,,104625054.7,,,,141711.62,,,,30569243.38,155334788.4,147506713.3,30000000.0,95859982.08,,441067931.0,,8835.62,,152355544.8,,,16924760.27,,,246883274.4,,,336442876.3,345207948.9,2347190.55,,496250000.0,,,995000000.0,560407.76,19508437.21,208652439.5,361007984.2,,2347190.55,1261391712.0,,16676614.4,1241883274.0,,,,37339375.9,-0.22,,34380991.61,,,34380991.61,-230024344.3,33778.53,-0.22,-231661081.4,135609108.4,-179339704.8,,,-179339704.8,,-179339704.8,,,,8835.62,,,57173067.84,,,2002226.0,33125946.71,-179339704.8,,801183.71,445299.63,,,,,-50684639.48,2082036.71,,,266050908.6,269549714.9,321494006.0,195366162.0,2082550232.0,95360433.74,916203065.4,1325875142.0,119856565.6,1424922974.0,65248664.31,329697375.8,1821603606.0,409672076.8,275847712.7,60147660.94,8437029.69,1424922974.0,108044424.3,4309885484.0,514256404.8,244107686.7,20139337.3,566872766.6,4.6889,8.5267,-176.8048,111.1581,528.216,8.5267,493.4787,94.4858,9.7583,13.9343,2.0828,182.31900000000002,4.8623,4.0819,5.0344,51.3819,38.1818,22.8029,16.1977,4.8623,38.1818,278.6904,68.5462,45.442,4.082,15.5398,5.3443,278.7014,,0.289454,,55.532472999999996,,,0.726753,,,0.668854,1.248832,,,1.375983,,,,1.059243,,,,,,1.261215,,,,,0.1444,0.8696,0.4665,1.0706,3.0618,0.4558,4.4277,0.4305,0.2169,12.5556,0.5872,0.036000000000000004,12.5556,0.5436,3.0258,1.8486,1.5765,2.5,3.28,4.2567,2.492,3.2611,7.6347,4.7184,3.3263,44.4675,15.6486,,60.7527,0.1036,31.8154,18.0468,1.4698,2.2488,78.8322,28.0774,,13.2351,33.0617,14.3312,10.9191,54.0626,2.3836,15.947000000000001,40.3584,3.7626,2.0276,4.2518,68.1846,5.0255,0.1898,0.1136,92.3653,1.3826,5.6587,0.1136,27.5213,74.2122,1.7279,1.4669,5.224,55.74100000000001,1.6142,20.5638,100.0,0.45299999999999996,1.5765,98.3858,,2.1752,0.0057,2.8092,4.4404,0.1719,0.5986,3.6303,79.4362,59.0542,8.6156,1.5988,110.5515,6.9907,47.2495,36.2641,41.7847,51.4973,1.1725,6.0961,0
3559374,5,5,4,3,A,12,1,CHAS_2007,CNY,197422365.0,,,,,197144258.5,2390700.59,,,,,3331591.88,38224025.0,,79368621.8,,8997012.88,526878575.6,,394600.0,,,151291378.0,56601176.84,1020889011.0,342212895.3,,,,,597824834.0,,19051827.12,2430906.44,10132634.6,123081582.7,2323910846.0,2850789422.0,307000000.0,,,,,,44038301.36,16948630.81,,,41213317.94,3436215.99,1549647.37,1819157.09,71183532.63,,,,,244100000.0,,,731288803.2,501800000.0,,,,,20224569.56,,,522024569.6,1253313373.0,360100000.0,970983877.1,,,68310962.93,,73104383.02,,1472499223.0,124976825.8,1597476049.0,2850789422.0,,,,,,,,,,-59835109.8,683000000.0,,258380077.8,,,3700000.0,,,,2567000.0,35168692.46,137577910.7,32324742.96,8833.58,661941555.5,,690594082.6,,35128620.88,1800000.0,-75291383.18,,,80665249.91,,,79736351.2,,,432214004.8,28652527.15,95003802.26,,,,,877100000.0,31238.0,-273836351.2,272513748.2,197222365.0,970127.39,86936802.26,683000000.0,,181646101.3,956836351.2,,,,144114159.8,0.08800000000000001,19406238.09,499996211.1,,,499996211.1,24283912.47,270346.97,0.08800000000000001,24018327.43,-10278017.69,31746849.97,,,17789363.86,,31746849.97,,,,31784327.65,,,60143328.87,,,12293678.87,277076701.7,17789363.86,,24412359.8,2996695.43,,,-13957486.11,,6494548.61,3262280.47,-13957486.11,,507762211.3,,,,,,,,,,,,,,,,,,,,,,,,,,,,,,,,,,,,,,,,,,,,,,,,,,,,,,,,,,,,,,,,,,,,,,,,,,,,,,,,,,,,,,,,,,,,,,,,,,,,,,,,,,,,,,,,,,,,,,,,,,,,,,,,,,,,,,,,,,,,,,,,,,,,,,,,,,,,,,,,,,,,,,,,0
3762075,5,5,4,3,A,12,1,CHAS_2007,CNY,342068494.7,,,,23397692.24,588592224.7,120253643.0,,,,,,70492070.33,,91776145.25,42738000.21,,1279318270.0,,,,2017657842.0,17486099.88,,224183242.5,20279835.81,,,,,135705874.9,,259395685.8,231525.24,21429733.36,,2696369839.0,3975688110.0,562504400.0,,,,,45255417.44,461484926.5,79558566.2,,,5130734.36,29865242.57,766393.44,,397221409.0,,,,,217962806.0,,100000000.0,1899749896.0,1023595048.0,,2700000.0,,104634808.9,12960320.68,10476877.13,,1159709985.0,3059459880.0,278649632.0,267782956.4,193626039.8,,32742728.96,,442607704.3,,827954751.2,88273478.21,916228229.4,3975688110.0,-202230.67,,,,,,937895.23,,,-240991589.4,1740049655.0,,-316624954.8,,193626039.8,,2900000.0,,,,1518.4,1138647627.0,143323224.8,,1034724011.0,14958746.84,1178846277.0,,,224006182.4,111484516.3,,282700.43,74603129.19,,,96616269.07,,,1495471232.0,129163519.7,240993107.8,,,,,1170203170.0,1518.4,668818360.1,188373084.5,299857600.9,799227.42,16986925.37,1936575695.0,,138897250.7,1267757334.0,,,,79890621.39,0.26,88475.43,1046297682.0,,,1046297682.0,104838348.9,19379.31,0.26,75728540.59,9145466.29,74721510.17,-340716.73,,81116075.61,,74967882.44,,,,2026494.61,,,89667299.19,,,36014239.91,744078764.3,81456792.34,,13799245.33,1321181.57,,,6394565.44,,23381556.56,30430989.88,6488909.9,,972595636.4,,,,,,,,,,,,,,,,,,,,,,,,,,,,,,,,,,,,,,,,,,,,,,,,,,,,,,,,,,,,,,,,,,,,,,,,,,,,,,,,,,,,,,,,,,,,,,,,,,,,,,,,,,,,,,,,,,,,,,,,,,,,,,,,,,,,,,,,,,,,,,,,,,,,,,,,,,,,,,,,,,,,,,,,0
3770930,5,5,4,3,A,12,1,CHAS_2007,CNY,211968564.8,,,,14423667.36,533904180.9,29274625.36,,,,1808.22,,74090307.35,,176392399.6,,18193028.49,1058248582.0,,0.0,,,43547526.24,84121283.29,418118695.6,14448996.62,,,,,94973083.39,,144527203.6,220319.77,18969188.61,5826103.03,824752400.2,1883000982.0,127400000.0,,,,,7831550.0,232322696.4,43321730.35,,,15949971.21,39625947.33,232570.37,,144290931.5,,,,,14332393.0,,,625307790.2,28106824.5,,9804571.12,,,12190049.08,27356456.43,,77457901.13,702765691.3,414012247.0,406790349.5,,9392647.06,21353765.71,,286857060.7,,1138406070.0,41829221.05,1180235291.0,1883000982.0,,,,,,,2667335.0,,,-105449589.9,147400000.0,,-40911495.4,,15144326.58,78615384.0,105998302.7,,,,47406876.81,447710804.3,148784720.5,40000000.0,640306159.2,11578961.76,714285369.4,,532572.46,18642146.62,52702608.92,500000.0,1130221.35,55910055.58,,,20941821.36,4063500.0,,755196864.8,62400248.51,152856466.7,,,,,47000000.0,310804.35,197933472.9,130220648.3,182923257.2,,55598936.1,268542629.2,,102791284.4,70609156.36,,2500000.0,,95408894.05,0.22,-67857.76,884348298.3,,,884348298.3,124502928.1,196300.8,0.22,115425703.4,13770210.23,101864963.5,,,103495376.7,,101864963.5,,,,465210.33,,,3937256.28,,,33962803.27,606039290.9,103495376.7,,16269350.57,1184826.64,,,1630413.22,,21007551.41,10262051.32,1630413.22,,769387805.3,,,,,,,,,,,,,,,,,,,,,,,,,,,,,,,,,,,,,,,,,,,,,,,,,,,,,,,,,,,,,,,,,,,,,,,,,,,,,,,,,,,,,,,,,,,,,,,,,,,,,,,,,,,,,,,,,,,,,,,,,,,,,,,,,,,,,,,,,,,,,,,,,,,,,,,,,,,,,,,,,,,,,,,,0
4111468,5,5,4,3,A,12,1,CHAS_2007,CNY,171187606.0,,,,18986697.74,380249128.9,23985881.31,,,,,,48960122.79,,81395546.42,29176425.03,1077085.49,755018493.7,,,,6279026.92,7985134.43,,70496742.24,132112264.6,,,,,39617944.88,,,,9598813.84,20930955.0,287020881.9,1042039376.0,319000000.0,,,,,20067749.2,191038005.5,21604383.46,,,8675045.33,15479591.49,,,70380845.2,,,,,,,,646245620.2,,,,,3193153.82,23510000.0,,,26703153.82,672948774.0,127285000.0,143029993.4,68525100.0,,17592070.91,,149825208.8,,369207173.1,-116571.55,369090601.6,1042039376.0,,,,,,,29655471.73,,,-132308269.7,339000000.0,,-74889171.28,,223525100.0,,3000000.0,,,,,312249128.0,156364901.7,,372478441.8,7179193.97,472323780.6,,,,71446068.48,,71619.07,32224030.48,,,18297737.85,,,547212951.8,92666144.82,132308269.7,,,,,239000000.0,,278571890.4,75341542.77,146787611.3,,132308269.7,565525100.0,,46374891.65,286953209.6,,,,48862444.91,0.35,24299.35,504673304.4,,,504673304.4,49721390.89,17302.31,0.35,41757669.37,16692665.39,42991961.2,,,42892276.65,,42991961.2,,,,-142450.65,,,14121661.22,,,17741680.31,357773153.9,42892276.65,,7581578.58,110302.31,,,-99684.55,,6829114.24,8074023.83,-99684.55,,462773184.4,,,,,,,,,,,,,,,,,,,,,,,,,,,,,,,,,,,,,,,,,,,,,,,,,,,,,,,,,,,,,,,,,,,,,,,,,,,,,,,,,,,,,,,,,,,,,,,,,,,,,,,,,,,,,,,,,,,,,,,,,,,,,,,,,,,,,,,,,,,,,,,,,,,,,,,,,,,,,,,,,,,,,,,,0
4327222,5,5,4,3,A,12,1,CHAS_2007,CNY,27963689.59,,,,,20115349.0,464951.26,,,,,,19515139.18,,3496266.08,,1070632.68,72626027.79,,,,,,,4740712.14,247729299.4,,,,,1314673502.0,,,1264401.62,8871585.42,5719969.47,1582999470.0,1655625498.0,160000000.0,,,,,,71026389.99,,,,56854.14,12959093.04,,,692945.56,,,,,100000000.0,,,344735282.7,589500000.0,,,,81684486.69,5450000.0,,,676634486.7,1021369769.0,160000000.0,261625234.7,,,10513999.01,,202116494.6,,634255728.3,,634255728.3,1655625498.0,,,,,,,292655208.2,,,-206562547.5,324000000.0,,152431160.0,,,,292000000.0,,,,5543260.0,31884026.41,6991807.19,,225571365.9,4008110.37,236191156.5,,,,-14981798.23,,,29814460.19,,,44195202.53,5450000.0,,83759996.47,6611680.22,212105807.5,,,,,240000000.0,93260.0,39149589.26,42945487.82,27963689.59,,212105807.5,616000000.0,,15069702.68,576850410.7,,,,15416648.27,0.34,,210615409.0,,,210615409.0,71453358.35,40488.94,0.34,53058502.69,-222166.47,54177170.29,,,54177170.29,,54177170.29,,,,,,,42868761.13,,,,97705255.86,54177170.29,,1788407.56,42488.94,,,,,17276188.06,18437344.6,,,157556906.4,,,,,,,,,,,,,,,,,,,,,,,,,,,,,,,,,,,,,,,,,,,,,,,,,,,,,,,,,,,,,,,,,,,,,,,,,,,,,,,,,,,,,,,,,,,,,,,,,,,,,,,,,,,,,,,,,,,,,,,,,,,,,,,,,,,,,,,,,,,,,,,,,,,,,,,,,,,,,,,,,,,,,,,,0
4366977,5,5,4,3,A,12,1,CHAS_2007,CNY,650241150.4,,,,392905489.5,1513117698.0,124881478.9,,,,7101220.31,4785816.42,44096378.49,,787059171.3,,196815728.5,3721004132.0,,330140000.0,,,63145197.74,365341.14,3685395970.0,55556268.75,,,,,454317236.8,5983678.33,17090163.86,78681502.08,58952987.17,89583840.0,4839212186.0,8560216318.0,588500000.0,,,,,112475185.7,1646978027.0,303009925.4,,,21148470.67,47212508.1,1525967.14,5028727.97,109435094.0,,,,,69850000.0,,,2905163906.0,428894443.2,,,711733.43,25622056.75,41939655.53,49734508.49,,546902397.4,3452066304.0,780816890.0,2978456598.0,,9839852.98,139699445.2,,783395378.2,,4837909643.0,270240371.5,5108150014.0,8560216318.0,145701478.9,,,,,,,,,-284505212.0,853430000.0,,493875477.1,,,8000000.0,,,,,201834963.0,1979106452.0,196964370.2,15755222.11,3149842694.0,2014744.51,3290250969.0,,186079740.9,29710974.77,-281460061.8,,,278636699.1,,,149685326.9,,,2796375492.0,138393530.2,486340175.0,,,,,1194575000.0,,-490830326.9,896608300.9,615148239.1,2978655.19,448629200.2,853430000.0,,341667970.4,1344260327.0,,,,250574991.2,0.37,1195265.38,3536137915.0,,,3536137915.0,400910699.3,31004296.17,0.37,415386869.5,14289709.53,148106707.9,-138534146.1,,174790730.5,,286640854.0,,,,187686758.8,,,55881900.48,,,42030242.84,2914116550.0,313324876.6,,31544410.47,34138808.82,,,26684022.63,,87585822.68,19662638.67,26684022.63,,3308437805.0,1609008.17,-47073242.19,-8908973.14,531553559.6,13856236.08,-1054972574.0,-122491397.5,-119253622.1,1348910000.0,-109321258.1,118789694.8,545411980.9,957481176.2,6404671.27,117180686.7,-4642193.29,1373910000.0,45102474.51,2058709288.0,-10890098.07,1514832708.0,43051743.14,45808929.49,0.2268,-0.915,-79.9217,48.2578,7.7292,-0.915,7.4396,211.054,-0.354,6.9451,4.8738,-31.1323,-22.6782,-9.296,1.4195,-682.5056,-739.6667,-632.565,-690.6939,-22.6782,-739.6667,93.9546,-1537.1734,-742.194,-9.2961,-1382.5182,-9.1873,93.9449,0.086461,0.22145,0.430963,73.703227,-0.004802000000000001,-0.017485,0.351497,0.061891999999999996,2.14646,0.324972,2.802748,-0.009627,-0.017131,2.844977,0.396978,0.308715,-0.0067090000000000006,0.384073,-0.036832,0.029074000000000003,-0.064552,-0.004902,0.5696319999999999,0.438983,0.284169,-0.237217,0.491033,-0.065886,-0.1924,-0.0316,0.0186,-0.0268,1.1067,0.0047,1.9583,-0.149,-0.3596,2.9241,0.0859,0.1676,2.9241,-0.1366,0.9391,-2.5681,-6.5923,-15.38,-9.33,0.0622,-16.2045,-9.823,4.5475,-0.4258,-9.3442,26.2968,15.9912,,32.7698,0.8219,68.3006,29.8723,1.4921,3.8027,263.6432,20.9442,0.96,3.8565,66.7365,7.8420000000000005,3.9651,72.2111,1.8853,2.6866,25.9064,58.1706,54.9109,0.2459,31.6994,3.6328,0.2516,-0.4608,95.4525,1.3187,15.7775,-0.4608,11.5223,158.8877,-12.2992,8.3658,6.185,164.6226,-11.8383,-65.0727,100.0,4.9147,-6.5923,111.8383,,-7.4508,0.0663,6.0929,11.7923,0.3567,-0.8585,0.1597,165.0727,28.4489,4.1160000000000005,1.2183,59.4475,11.6134,0.703,0.6867,87.4629,30.9986,0.3896,12.6543,0
4488794,5,5,4,3,A,12,1,CHAS_2007,CNY,177414323.6,,,,,10056998.18,3598791.52,,,,,,95125043.39,,100214405.2,,,386409561.9,,45780000.0,,,265949877.9,5054689.16,838497756.3,549426229.9,,,,,39808924.28,,86398695.18,9717035.93,1252772.91,10000000.0,1851885982.0,2238295543.0,315000000.0,,,,,,2770266.78,2686337.39,,,9701329.29,9077990.14,4961323.82,3354656.44,237977108.7,,,,,197339114.1,,49350000.0,832218126.7,142500000.0,,23626279.73,,,38942967.99,,,205069247.7,1037287374.0,138666666.0,542159206.0,,,63019655.33,,214021552.6,,957867079.9,243141089.1,1201008169.0,2238295543.0,,,,,,,99579523.78,,,-223226777.4,643600000.0,,29999285.97,,,22500000.0,204000000.0,,,4500000.0,69461532.41,132043326.8,103705646.6,14573300.0,430001680.8,,432409553.6,,172801.6,,-194662609.3,,-2007.49,54805488.96,,,65603586.61,9380600.0,,402410267.6,2407872.83,292688309.8,,49350000.0,,,733200000.0,26010.0,-1433110.39,372076932.9,177414323.6,8721904.83,265688309.8,896950000.0,,111855805.3,898383110.4,,45308820.81,,92172354.19,0.31,-9024248.65,428640675.9,,,428640675.9,95692348.26,1301158.58,0.31,93939789.22,-3067640.81,43007066.33,,,62543579.54,,43007066.33,,,,58030123.68,,,49291061.78,,,26614366.38,205959988.5,62543579.54,,21760880.29,1612174.11,,,19536513.21,,33148768.72,3364733.15,19536513.21,,392731010.4,33097861.13,-25617486.91,33041166.72,306197487.5,6300000.0,104084802.0,527386043.0,2504542.06,636879170.0,5679425.45,50833080.94,440715440.6,423301240.9,213655685.2,17735219.81,3644210.5,636879170.0,23302812.19,1121285755.0,47835925.05,219786630.6,3982466.99,202042843.3,0.5906,-1.6523,-9702.9628,77.9469,-612.5516,-1.6523,-249.5077,11172.2672,-1.07,65.518,1.8671,-1391.3289,0.5042,1.6037,10.2163,-42.178000000000004,-37.5,-39.8018,-39.0289,0.5042,-37.5,-116.1692,-56.2179,-43.0895,1.6037,-55.6509,0.7106,-116.1708,,0.226469,,66.21479699999999,,,0.5102359999999999,,,0.901394,1.9598759999999997,,,1.9598759999999997,,,,0.9594010000000001,,,,,,1.110367,,,,,0.0479,0.2373,1.0598,-0.0761,0.5165,0.1642,2.4028,0.8863,0.0305,4.6056,0.0055,0.1735,4.6056,-0.1271,0.34299999999999997,0.7151,1.0531,,2.01,2.4206,1.1725,1.9946,21.7605,3.1604,2.0104,33.7852,14.8961,,43.201,,26.9651,21.264,0.4394,2.9599,79.8135,30.7379,,0.9126,56.799,14.7405,9.9298,65.7754,1.2091,42.4279,33.7852,15.3291,15.3291,14.9015,73.0349,3.0473,1.7294,0.3925,78.2395,9.746,19.2539,0.3925,0.1713,25.5695,0.6622,2.4891,37.2046,58.0821,0.2697,37.2259,100.0,0.5948,1.0531,99.7303,,1.055,0.2021,7.0188,5.4749,0.5075,0.0018,3.5647,62.7741,215.5332,3.5173,0.9057,309.1159,3.8469,4.1418,4.0551,102.3512,93.5827,0.679,1.6703,0
4520942,5,5,4,3,A,12,1,CHAS_2007,CNY,5299608082.0,,,,18874888.53,2565000839.0,219192210.3,,,,,6648785.18,255333639.0,,345880192.9,,50000000.0,8760538636.0,,466826970.6,,2421883443.0,1891391847.0,,399796569.1,30016199.07,,,,,4323234239.0,31198240.91,7927385.81,2558644.12,53399950.95,,9628233488.0,18388772125.0,211200000.0,,,,,6870500.0,2027950607.0,199372631.2,,,4803034.71,712906762.0,228375.0,,106403515.1,,,,,,,,3269735425.0,17700000.0,916500000.0,,,,55107490.81,19991545.98,,1009299037.0,4279034462.0,1229459678.0,8146705188.0,,,354776989.3,,3729775585.0,,13574383037.0,535354626.1,14109737663.0,18388772125.0,113665596.4,,,,,,4603437.14,,,-3756044567.0,2389700000.0,,1359223497.0,,6342643773.0,345408175.0,,,,724808019.7,572626991.9,2590603030.0,599106236.8,3000000.0,4733859011.0,,5050043640.0,,74367525.29,,2923978920.0,75015000.0,,289842519.1,,,236640345.0,495244131.9,,3690820143.0,316184628.7,4328671559.0,,,,,3170300000.0,34863.7,5320799990.0,2372667896.0,5296646815.0,600000.0,3258455365.0,8732343773.0,,211268357.2,3411543782.0,,-19528.99,,287337787.0,0.48,,5214260273.0,,,5214260273.0,1695057427.0,423335.59,0.48,1687315341.0,135019627.7,1245451839.0,-116246115.0,,1341172879.0,,1361697954.0,,,,217462997.2,,,47496730.82,,,127302240.7,3065739660.0,1457418994.0,,81511883.39,2103514.63,,,95721039.95,,237638433.4,9845601.27,95721039.95,,3744407929.0,,,,,,,,,,,,,,,,,,,,,,,,,,,,,,,,,,,,,,,,,,,,,,,,,,,,,,,,,,,,,,,,,,,,,,,,,,,,,,,,,,,,,,,,,,,,,,,,,,,,,,,,,,,,,,,,,,,,,,,,,,,,,,,,,,,,,,,,,,,,,,,,,,,,,,,,,,,,,,,,,,,,,,,,0
4548256,5,5,4,3,A,12,1,CHAS_2007,CNY,926387937.0,,,,,200216518.9,47202018.18,,,,35233.34,,82268706.78,,177556776.8,102870565.2,213079826.0,1781617582.0,,,,4876863197.0,115405499.8,11642189.23,371925823.6,17875104.82,,,,,3726446932.0,1215585.31,,606738.69,5584748.12,24000000.0,9151565819.0,10933183401.0,66000000.0,,,,,,1000546674.0,270743217.8,,,47362160.47,46423358.94,20778180.45,15917123.66,45103506.52,,,,,696617661.8,,,2209491884.0,1953597774.0,397514313.2,11712562.0,,126360663.1,876156183.8,86284164.4,,3451625661.0,5661117544.0,2560000000.0,431499819.3,,,86606227.15,,1349837577.0,,4427943623.0,844122233.4,5272065856.0,10933183401.0,,,,,,,,,,-1013465221.0,706132649.7,,1040246000.0,,21900000.0,12000000.0,,,,,771450661.3,763569630.4,128321341.6,729000000.0,2307588643.0,21149249.1,2421865702.0,,22489981.92,,181875455.9,21900000.0,-111648.33,229248056.1,,,208514787.4,19772654.05,,1381619702.0,93127810.17,1784915883.0,,,,,364311536.6,188025.31,155206325.7,739512481.1,921387937.0,29416379.66,1772915883.0,728032649.7,,260480674.2,572826324.0,,,,190035610.0,,-3573485.28,2009419738.0,,,2009419738.0,486203767.6,1000084.64,,376695294.8,-7071465.06,341403596.3,,,404079231.1,,341403596.3,,,,17389271.65,,,149191614.7,,,,1295829699.0,404079231.1,,22128255.75,11205277.41,,,62675634.79,,82124536.5,120713750.2,62675634.79,,1650113714.0,,,,,,,,,,,,,,,,,,,,,,,,,,,,,,,,,,,,,,,,,,,,,,,,,,,,,,,,,,,,,,,,,,,,,,,,,,,,,,,,,,,,,,,,,,,,,,,,,,,,,,,,,,,,,,,,,,,,,,,,,,,,,,,,,,,,,,,,,,,,,,,,,,,,,,,,,,,,,,,,,,,,,,,,0
4630580,5,5,4,3,A,12,1,CHAS_2007,CNY,666937126.5,,,,2102058.16,2440168720.0,26978217.98,,,,,,94201736.78,,389265078.8,2240000.0,5379166.95,3627272105.0,,37100000.0,,14864181.13,77077865.43,,253753862.6,91732339.79,,,18116941.01,,102633277.6,,184272825.7,40502370.6,58120734.47,45308305.64,923482704.0,4550754809.0,649750000.0,,,,,238771939.9,1039576379.0,5837006.4,,,16590730.77,105775611.7,3906455.98,12714704.6,13106125.04,,,,,118800000.0,,,2204828953.0,79199999.98,,6102564.22,,,39984660.23,,,125287224.4,2330116178.0,468769116.0,964162963.0,,,127651306.9,,495794592.8,,2056377979.0,164260652.6,2220638631.0,4550754809.0,,,,,,,137146285.0,,,-283209728.5,1122000000.0,,84538131.84,,490889991.3,61000000.0,,,,,3484803.62,840597150.1,79045511.76,1500000.0,1135543915.0,,1206720828.0,,60.28,,130337479.2,,,101763258.8,,,73434630.38,483393.34,,1122182696.0,71176913.35,286694532.1,,,,,1073300000.0,1501350.0,329009075.9,368560803.0,498898282.2,,225694532.1,1612889991.0,,100776775.8,1283880915.0,,,,135157499.7,0.18,913468.34,1768396482.0,,,1768396482.0,218432207.9,672605.07,0.18,202883883.8,113458072.8,159206210.8,,,173580701.0,,159206210.8,,,,913468.34,,,45015342.83,,,33649259.83,1193955870.0,173580701.0,,45190021.81,2614778.86,,,14374490.24,,44851506.86,18163102.89,14374490.24,,1566426066.0,,,,,,,,,,,,,,,,,,,,,,,,,,,,,,,,,,,,,,,,,,,,,,,,,,,,,,,,,,,,,,,,,,,,,,,,,,,,,,,,,,,,,,,,,,,,,,,,,,,,,,,,,,,,,,,,,,,,,,,,,,,,,,,,,,,,,,,,,,,,,,,,,,,,,,,,,,,,,,,,,,,,,,,,0
4660810,5,5,4,3,A,12,1,CHAS_2007,CNY,1371220109.0,,,,,11759608.55,8649869.84,,,,17008222.23,,4127023.32,,14467420.44,,,1427232253.0,,,,,39530648.77,154302512.2,894057593.3,67993647.86,,,159638.89,,96266113.03,,26124493.35,24316982.09,9714534.57,,1312466164.0,2739698417.0,,,,,,,33835747.95,4047998.28,,,42619463.0,42600048.92,6924999.95,,89578990.58,,,,,,,,219607248.7,,340000000.0,,,,1450734.4,,,341450734.4,561057983.1,422685163.0,758213483.9,,,124978253.6,,748392124.6,,2054269025.0,124371409.1,2178640434.0,2739698417.0,,,,,,,1720306.0,,,-166942716.6,,,405301511.1,,,19600000.0,,,,,7197761.78,75660384.06,147453181.3,,865789136.3,,924000724.9,,6379037.94,,119280774.3,,,155977364.1,,,117357714.3,,,518699213.7,58211588.58,174140478.4,,,,,,856200.0,-119078020.3,1251939335.0,1371220109.0,60779172.1,154540478.4,,,139608284.3,119078020.3,,-37476.16,,137797773.2,0.4667,4317925.64,786012209.8,,,786012209.8,301322277.0,313019.69,0.4667,303855543.7,287099.88,197250254.8,,,248582855.4,,197250254.8,,,,4376933.44,,,9941.66,,,114792740.7,193899111.3,248582855.4,,39746932.73,4684568.6,,,51332600.6,,52739421.6,2151301.85,51332600.6,,486533599.5,,,,,,,,,,,,,,,,,,,,,,,,,,,,,,,,,,,,,,,,,,,,,,,,,,,,,,,,,,,,,,,,,,,,,,,,,,,,,,,,,,,,,,,,,,,,,,,,,,,,,,,,,,,,,,,,,,,,,,,,,,,,,,,,,,,,,,,,,,,,,,,,,,,,,,,,,,,,,,,,,,,,,,,,0
4905473,5,5,4,3,A,12,1,CHAS_2007,CNY,47370691.49,,,,6085959.79,444209246.5,1322934.57,,,,,,23682128.61,,235764559.6,,180911143.4,939346663.9,,,,,234676.64,,41337734.19,,,,,,,,,1209151.67,12129596.32,,54911158.82,994257822.8,25000000.0,,,,,,324439745.9,49006035.89,,,8239925.97,28485832.42,20799.18,,9690793.53,,,,,,,,444883132.9,,,,,,640000.0,,,640000.0,445523132.9,60000000.0,320007595.4,,,33900246.93,,132318314.8,,546226157.0,2508532.81,548734689.9,994257822.8,,,,,,,,,,-171103242.8,40000000.0,,116298528.1,,125070317.0,,,,,179184100.6,8296770.78,384221950.7,33884967.48,,545527155.2,,585435533.9,,,,34426892.0,,,30621787.85,,,30838710.3,7109770.78,,469137005.8,39908378.72,179400013.6,,,,,45000000.0,1187000.0,89231606.7,8809638.63,43236530.63,,215913.0,165070317.0,,20408299.78,75838710.3,,,,49626854.86,1.96,-31480.22,586547725.6,,,586547725.6,135293284.1,2388445.62,1.96,136655107.4,14343354.09,117356099.3,,,118313414.1,,117356099.3,,,,5527114.78,,,722705.24,,,,376250312.7,118313414.5,,14476506.07,2507444.95,,,957314.72,,16979870.07,1145621.7,957314.72,,455419733.0,,,,,,,,,,,,,,,,,,,,,,,,,,,,,,,,,,,,,,,,,,,,,,,,,,,,,,,,,,,,,,,,,,,,,,,,,,,,,,,,,,,,,,,,,,,,,,,,,,,,,,,,,,,,,,,,,,,,,,,,,,,,,,,,,,,,,,,,,,,,,,,,,,,,,,,,,,,,,,,,,,,,,,,,0
